

















[18A7P0;1;0q"1;1;280;280#0;2;80;97;97#1;2;65;97;96#2;2;55;96;94#3;2;46;96;93#4;2;38;96;92#5;2;29;96;91#6;2;30;93;91#7;2;29;90;91#8;2;19;95;89#9;2;18;93;89#10;2;19;90;90#11;2;14;90;89#12;2;16;86;89#13;2;14;80;89#14;2;13;74;87#15;2;14;66;86#16;2;5;94;85#17;2;5;91;84#18;2;7;90;85#19;2;2;90;82#20;2;5;88;84#21;2;7;85;87#22;2;2;87;78#23;2;1;85;78#24;2;7;82;87#25;2;2;82;80#26;2;9;77;87#27;2;4;77;84#28;2;9;72;87#29;2;5;73;84#30;2;9;67;86#31;2;8;66;83#32;2;14;60;85#33;2;14;56;85#34;2;10;62;85#35;2;10;58;83#36;2;16;51;84#37;2;16;47;84#38;2;12;53;82#39;2;13;47;82#40;2;18;42;84#41;2;18;39;83#42;2;15;43;83#43;2;13;42;78#44;2;20;36;83#45;2;20;33;82#46;2;18;36;82#47;2;16;35;78#48;2;22;29;82#49;2;22;27;81#50;2;23;25;81#51;2;22;25;80#52;2;20;31;82#53;2;18;31;81#54;2;20;27;81#55;2;19;27;77#56;2;24;22;80#57;2;24;20;80#58;2;25;18;80#59;2;24;18;79#60;2;22;23;80#61;2;22;20;80#62;2;22;21;79#63;2;20;20;70#64;2;27;11;79#65;2;27;8;79#66;2;27;7;78#67;2;27;7;79#68;2;27;6;78#69;2;27;6;79#70;2;27;5;79#71;2;27;5;79#72;2;27;5;78#73;2;27;5;78#74;2;28;4;80#75;2;27;4;79#76;2;27;5;79#77;2;27;4;79#78;2;27;4;78#79;2;27;4;79#80;2;28;4;78#81;2;28;4;76#82;2;27;4;78#83;2;27;4;78#84;2;29;3;81#85;2;28;3;79#86;2;27;3;78#87;2;27;3;78#88;2;28;3;77#89;2;27;3;78#90;2;27;3;77#91;2;27;4;78#92;2;27;3;78#93;2;27;3;78#94;2;27;3;78#95;2;27;3;76#96;2;27;3;77#97;2;25;16;80#98;2;25;15;80#99;2;24;16;80#100;2;25;15;80#101;2;25;14;80#102;2;24;15;79#103;2;25;13;80#104;2;25;12;80#105;2;24;13;80#106;2;25;11;80#107;2;25;11;79#108;2;26;10;80#109;2;26;9;79#110;2;25;10;79#111;2;26;9;79#112;2;25;9;79#113;2;26;8;79#114;2;26;7;79#115;2;25;7;79#116;2;26;7;79#117;2;26;5;79#118;2;25;15;78#119;2;25;11;78#120;2;25;8;78#121;2;26;7;78#122;2;24;13;77#123;2;25;8;77#124;2;24;11;76#126;2;26;6;78#127;2;26;5;78#128;2;26;5;78#129;2;26;4;78#130;2;25;5;76#131;2;26;3;76#132;2;18;4;54#133;2;30;2;84#134;2;30;2;83#135;2;29;2;83#136;2;29;2;82#137;2;29;2;81#138;2;29;2;81#139;2;30;1;83#140;2;29;1;82#141;2;29;1;81#142;2;29;1;81#143;2;29;2;79#144;2;29;2;79#145;2;29;2;79#146;2;29;2;78#147;2;28;2;79#148;2;28;2;79#149;2;29;1;79#150;2;29;1;79#151;2;28;1;79#152;2;29;2;78#153;2;29;2;78#154;2;29;2;78#155;2;28;2;78#156;2;28;2;78#157;2;29;1;78#158;2;29;1;78#159;2;29;0;78#160;2;28;1;78#161;2;28;1;78#162;2;28;2;78#163;2;29;2;78#164;2;28;2;78#165;2;29;1;78#166;2;29;1;78#167;2;28;1;78#168;2;28;1;78#169;2;27;2;78#170;2;27;2;78#171;2;27;2;78#172;2;28;2;78#173;2;27;2;78#174;2;27;2;78#175;2;27;2;78#176;2;28;2;79#177;2;27;2;78#178;2;28;2;78#179;2;27;2;78#180;2;27;2;78#181;2;27;2;78#182;2;27;2;78#183;2;27;2;78#184;2;27;2;78#185;2;27;2;78#186;2;28;1;79#187;2;28;1;78#188;2;28;1;78#189;2;27;1;78#190;2;27;1;78#191;2;27;1;78#192;2;27;1;78#193;2;28;2;76#194;2;28;2;77#195;2;29;1;77#196;2;28;1;77#197;2;28;1;77#198;2;28;1;76#199;2;27;2;77#200;2;27;2;77#201;2;27;1;77#202;2;27;1;77#203;2;27;1;76#204;2;27;2;77#205;2;27;2;77#206;2;27;1;77#207;2;27;1;77#208;2;27;1;77#209;2;27;2;76#210;2;27;2;76#211;2;27;1;76#212;2;26;1;76#213;2;27;2;75#214;2;27;1;75#215;2;28;1;77#216;2;27;1;76#217;2;27;1;77#218;2;27;1;75#219;2;25;2;74#220;2;25;2;69#221;2;25;1;71#222;2;23;1;65#223;2;22;1;63#224;2;23;0;64#225;2;21;1;60#226;2;20;2;55#227;2;19;1;53#228;2;19;0;54#229;2;18;1;51#230;2;16;1;45#231;2;14;1;40#232;2;13;1;35#233;2;11;1;31#234;2;12;0;33#235;2;10;1;28#236;2;8;1;23#237;2;8;0;22#238;2;5;1;15#239;2;5;0;15#240;2;3;1;10#241;2;1;1;3#242;2;2;0;5#243;2;0;0;1#244;2;30;0;80#245;2;30;0;76#246;2;28;0;76#247;2;10;0;27#248;2;1;0;3#249;2;0;0;2#250;2;0;0;1#251;2;0;0;1#252;2;0;0;0#253;2;0;0;1#254;2;0;0;0#255;2;0;0;0--#48!95?_$#55!96?_$#62!94?_$#79!98?_$#81!93?_$#122!97?_$#140!99?_$#188!91?_$#214!94?OO$#220!93?O??O$#221!100?_$#225!97?O$#226!92?O$#227!90?_$#229!98?O??_$#232!99?O$#235!91?O$#236!102?_$#238!94?GG$#240!93?G??G???O$#241!89?_!7?G$#245!92?_$#250!99?C$#251!91?C??AA??C??GG?O?_$#252!100?C$#254!87?_OG??CA??A$#255!97?A-#0!96?!4A?C$#1!95?A!4?C?KG$#2!96?@??CA$#3!94?A@CDC??G??G$#4!93?A!10?OO$#6!95?C!4?G??O$#7!92?CCC???HG?AOC$#10!92?A?@?GG??OO$#12!93?GGG???O!4?_?O$#13!91?CG?O??OO!6?___$#14!91?GOP!11?G$#15!91?O!4_$#24!102?__$#26!95?OO???__$#28!97?___$#30!96?_$#32!91?_$#33!90?_A!7?@$#34!90?O$#35!90?G$#36!89?_!18?_$#37!102?A$#41!92?@!11?C$#45!89?O$#46!107?O$#47!90?C$#55!100?@$#63!106?G$#81!88?_?A@$#107!103?A$#124!89?G$#130!101?@!7?_$#131!105?C$#132!89?@$#143!108?O$#151!87?_$#159!88?G?@$#168!104?A$#186!89?A$#188!109?O$#218!102?@???C$#220!87?O$#221!88?C$#222!108?G$#225!103?@?A$#230!107?C???_$#231!87?GA!21?O$#235!86?_!17?@$#236!106?A??G$#240!87?C$#241!88?@$#242!86?O!21?C$#244!110?_$#245!88?O$#246!89?C!17?G$#250!84?_G$#251!86?A@!19?@?AC$#252!111?G$#253!85?C$#254!84?O?@!21?@???wO_$#255!86?C-#32!98?@$#33!92?!6@???@$#34!99?@@$#36!89?@@@!10?@!5?@$#37!89?A???!5A$#40!90?AAA!5?A!4?@@?@@$#41!89?C!5?C!9?@$#42!109?@$#44!88?K?!4C!5?A$#46!94?C?C$#48!88?Q??GG$#49!88?_OO$#50!89?_?OO!7?A!9?A$#52!89?GG??GG$#56!87?_??__$#58!88?@???_$#59!87?O$#60!93?O???C$#61!95?G$#71!97?G$#81!110?CC$#83!98?O$#95!86?_!22?C$#96!108?A$#101!101?A$#104!98?C$#107!94?O$#110!96?G$#113!99?C??A$#116!98?G$#120!93?_$#122!109?A$#124!87?G!22?@$#126!94?_OO??GCCC$#127!97?O$#128!96?_???G??A$#129!97?__OOG??A$#130!95?_!7?!5C???A$#131!99?_??GG?G??CG$#140!113?G$#141!108?__?@AC$#142!112?O$#151!111?O$#159!87?@$#183!106?AA$#188!86?G$#191!86?C$#197!110?O$#204!100?_O???A$#208!104?__$#209!101?_OOG?GG$#210!103?_O?O?G$#212!85?_!16?_??O?O$#213!87?C!18?_?O?G$#214!109?O?GC$#217!107?_$#219!112?G$#220!86?A$#221!110?_$#222!85?O$#223!113?O$#227!113?A$#229!86?@!24?_@$#230!85?G$#232!114?G$#235!112?_$#236!114?C$#238!84?_$#240!114?O$#242!85?A!27?_$#243!114?A$#246!86?OA$#247!85?C$#248!84?O!28?@$#250!83?C!32?[!4O$#251!82?_G@!30?O!5?O?__$#254!82?OA!30?@B!6?O??_-#0!113?___ooOOO$#1!112?_??O??___O$#2!121?_o$#3!123?_$#4!111?_??O!9?_$#5!123?O$#8!113?O???!4G!4?_$#9!121?G$#11!110?_!5?G!7?O$#13!112?O!13?_$#26!115?G!6?G$#33!109?_$#38!114?G!8?G?O$#39!111?O$#46!127?_$#47!118?CC$#53!117?C$#54!113?G$#55!120?C$#56!87?A@$#57!89?@$#58!87?CA?@$#60!87?@$#62!121?C??G$#64!86?C$#66!90?C$#68!88?_$#69!112?G$#72!89?_?C$#73!89?O??C$#80!85?O$#81!85?_@$#82!90?wO$#83!91?GG$#88!85?G$#90!92?O$#94!91?_?G???@$#95!115?C$#96!92?_O?o??@$#97!89?A$#98!91?@$#99!116?C$#100!87?GC?A$#103!86?W??C$#104!86?_OG$#108!87?_$#109!88?O$#118!108?_$#120!89?G$#121!91?A@$#122!110?O$#123!86?A$#124!126?O$#127!92?A@$#128!93?A!28?C$#129!93?C$#130!94?@$#131!94?MBB!8?_$#140!99?O??C?A?@$#141!84?_A$#142!85?@!11?_??G$#143!85?C$#150!129?_$#159!116?A???A???C$#161!112?C$#184!105?@$#188!84?O$#189!101?G$#191!103?A$#204!94?oGOAA$#208!98?O??C$#209!93?_?CkKCB@$#210!100?E$#211!101?A$#212!98?GC?@@@$#213!97?O!9?O$#214!99?G??A?@!23?O$#215!128?_$#218!98?_!8?@!13?A$#219!103?C!5?G$#221!84?G!20?A!9?A$#222!111?C!10?A??C$#223!84?C!15?O!26?G$#225!114?A$#228!108?@$#229!84?A!21?O?G!14?A$#230!102?G?_?A!23?_$#231!99?_!4?C!5?C??A$#232!118?@!10?O$#233!83?_$#234!84?@!34?@!6?C$#235!109?@!7?@??@$#236!112?A???@!7?A$#237!101?O$#238!83?O!21?O?G?C!11?@!6?G$#239!107?A$#240!83?G!19?g?C!4?@!4?@$#241!111?A!10?@??A$#243!127?C???_$#244!106?_?O?GG?CC??AAA???C??G$#245!107?_?O!15?G?O$#248!100?_$#250!81?_@!43?@??C$#251!81?OAC!44?A?G$#254!81?G!45?@???Wo_$#255!81?C-#1!111?@@$#2!110?@??@@@$#3!108?AAA!5?@$#4!106?CC???A!5?@@$#5!104?G??A?@C???AA$#6!108?CC??AA!5?!4@$#7!105?GG!16?!4@$#8!102?O??C?G???C!4?AA$#9!108?G???C!5?AA$#10!103?OO!15?A!6?@$#11!102?_g?OO?@GG??CC?CCC??A$#12!106?A!15?!4A$#13!126?AAA$#14!124?CCC$#15!124?GGGCC$#18!101?_!13?C$#21!104?_??O???!4G!4?C$#24!108?OO!5?GG???C$#26!100?_!4?_!4?!4O???GG??CCC$#28!104?C?!5_!4?OO??GGG$#29!114?O$#30!111?___???O!4?GG$#31!118?OO$#32!123?O???G?C$#33!118?!4_??O???G$#34!101?O!12?___???OOO$#35!117?_$#36!125?O???GG$#37!102?G!19?_!5?@A$#38!107?@$#40!105?A!20?O$#41!123?_$#44!127?O$#46!130?C$#48!99?_$#49!131?O$#50!129?O$#51!125?_$#52!124?_???O??G$#60!130?O$#62!103?C!22?_$#64!86?@$#65!87?@$#66!85?MC$#68!85?P!45?_$#72!87?AB@$#73!86?G$#78!133?_$#80!85?_!4?@$#81!104?A!24?@AC$#82!86?OCCA$#88!92?A$#90!86?_Og?AE$#94!87?G$#95!87?_?C!11?G$#96!89?GC$#99!100?O!26?_$#102!128?_$#104!129?_$#105!106?@$#109!86?A$#112!130?_$#120!132?_$#124!132?O$#134!91?OG$#136!90?_??C?A$#137!99?G$#139!96?@$#140!133?O$#141!84?B!19?@$#144!84?G$#145!84?C$#149!130?@$#150!131?A$#151!94?A?_$#153!84?O$#174!84?_!6?@$#176!102?A$#186!134?_$#188!98?O!33?C$#191!101?C$#193!92?C!5?_$#198!132?G$#199!89?_??@A@@$#209!88?OOG??@$#213!90?OG!7?O$#214!97?_$#218!100?G$#219!83?_!10?C??O??C$#220!83?G!19?@$#221!83?O!49?G$#223!83?C$#224!93?G$#225!92?O!4?@G$#226!101?A$#227!83?A$#229!95?_!35?@??O$#230!83?@!7?_!4?A$#231!132?A$#232!99?C$#233!96?O$#234!102?@$#235!95?C$#236!133?C$#238!97?G??A!34?_$#239!98?@$#240!82?_!11?G!39?G$#242!82?O!10?O_$#243!132?@$#244!105?@$#245!102?CA$#248!82?G!9?_!4?A$#249!98?C$#250!81?@!52?A$#251!81?A!51?@?CO_$#252!101?@!34?G$#254!80?w?C!51?@G$#255!80?C-#21!96?G?AAB@@$#24!95?O?CC@$#26!97?G?C???@$#28!101?A$#29!94?_$#30!96?O!7?@$#32!100?C$#33!95?_!10?AA$#34!105?!6@$#35!98?G???A?AA!5?@@@$#36!95?G!14?A!6?@$#37!94?O?CA!8?CC!10?@$#38!103?A!4?AA!4?@@@$#39!101?!5C!5?AA$#40!98?@?GGG$#41!103?GGG!4?CCC!4?A??@$#42!97?O?G!8?CC???!4A??@$#44!102?O$#45!96?_!6?O!6?GG!6?A$#46!93?_!5?OOO!4?!4G???CC$#48!108?O$#49!102?___$#51!105?!4_???O?G??C!5?@$#52!97?__!5?!4O!5?G!7?@$#53!98?O!13?G??C$#54!99?___!7?OOO!4?C??A??@$#59!114?O?G??C??A??@$#60!109?_!5?G!4?A$#61!110?_$#62!113?O!4?C??A??@$#64!92?_OGCA$#72!97?@$#73!122?__O!7?@$#81!94?CA$#82!124?_O!7?@$#84!85?CC$#87!133?A$#90!85?@@$#91!125?_$#92!132?A$#94!127?O???C$#95!85?AAB$#96!127?_$#99!111?__??O?G??C??A$#107!114?__???G!7?@$#118!113?_??O?G??C??A?@$#119!116?_OO?GGCCCA??@$#120!117?_??O?GG?CAA?@$#121!118?_??O??G?C???@$#123!93?G!25?O$#124!91?_O$#126!122?O!5?A$#127!120?_??O?G?C?A?@$#128!121?_!4?G?C?A$#129!126?OGGCCA$#130!119?_$#133!134?@$#136!87?CA@$#139!84?C!49?O$#141!89?_OG!40?_$#142!131?_$#145!134?A$#147!84?A$#149!95?@$#159!94?A$#182!133?C$#186!130?_$#193!88?@$#199!84?@!45?O$#201!92?C$#203!92?G$#204!126?_?OWGGC$#206!134?C$#210!128?__?OG$#211!133?G$#213!90?_O!4?@$#214!132?O$#218!133?oGG$#219!93?A!41?C$#220!135?A$#221!83?@$#222!94?@$#224!83?A$#225!86?G$#227!88?_$#228!85?G$#229!89?O!45?P$#230!90?G!43?_$#231!89?A@$#232!88?C??C$#234!83?C$#236!92?A$#238!93?@$#240!82?@!53?K$#246!93?C$#247!84?G??G$#248!87?_!48?A$#249!88?O!46?_$#250!82?A??_!50?O??!6_$#251!81?C??_?_!50?`_!6?_$#252!137?OC$#254!80?@?G!53?_?I!7?_$#255!81?A?O!63?_-#1!140?__$#2!138?__??__$#3!137?_!6?_$#4!136?_!8?_$#5!135?_!10?_$#9!147?_$#11!134?_!6?O$#18!140?O?O$#21!143?O!4?_$#24!144?O$#27!139?O$#28!133?_$#29!138?O!6?O$#30!93?@$#31!149?_$#34!92?A!44?O!8?O$#36!91?C!44?O$#38!132?_$#41!94?@$#42!147?O$#43!150?_$#44!92?@$#45!93?A$#46!90?G$#49!91?AC???@@$#50!95?@??@@$#51!100?@$#52!131?_$#53!135?O$#54!89?O$#56!103?@@@$#57!94?C??!4A!5?@@$#58!95?C!6?!4A$#59!89?_C???A!6?A!6?@!32?G$#60!91?G!9?@@!45?O$#61!90?O!5?A$#62!95?A$#64!91?O$#65!91?@$#66!87?OO$#67!101?___!10?A$#68!86?__!25?C$#72!86?O?G$#73!109?O?GG!4?A$#75!114?GC$#76!114?C$#78!112?O$#80!115?GG$#81!85?_?G!61?O$#82!111?O?G??C$#83!108?__O!9?@@@$#88!115?OO$#90!117?G$#91!111?_$#92!112?_$#94!110?_???O???C!5?@$#96!125?@$#97!88?_!4?G??!5C$#98!93?CG!6?C!7?@$#99!106?A$#100!92?O???G!5?CC$#101!92?G!4?G!6?C$#102!95?G$#103!98?GG!5?C?A??@@$#104!93?OOO!4?GG$#106!96?OOO???GG$#107!91?_!14?C?A???@$#108!92?!5_!7?G$#109!90?_!6?_??O?O$#110!99?O!5?G$#111!98?__?O?O$#113!100?_!12?A$#115!105?O$#118!142?G$#119!89?G!17?C?AA??@@$#120!104?O?GGCCCAA??@$#121!108?G??C!4?@$#122!134?O!5?G??G$#123!89?EA!39?_!14?G$#124!90?@!53?G!6?_$#126!104?__O??G??C??A?@$#127!106?_OO?G!5?A?@$#128!107?_!11?@$#129!113?O???CAAA??@$#130!88?C!50?G$#131!113?_!8?A$#133!115?_!4?G?C??A$#134!117?O$#137!118?O$#138!119?G!4?A??@$#140!85?G!42?@$#141!86?CA@!41?O!8?CC$#145!123?C!14?C$#147!116?_!4?C$#149!127?_!13?CCC$#150!84?O!48?G$#159!144?C$#160!129?@$#161!84?_$#170!114?_$#172!126?_$#175!126?@$#179!129?O$#186!149?G$#188!151?O$#191!153?_$#194!85?O$#199!118?G$#201!145?C$#204!119?C?A?A$#205!126?A$#209!120?C$#213!86?G!67?_$#216!133?O$#219!83?_???CA@!31?G!10?G!4?C!14?O$#220!130?@!19?G$#221!146?C!5?_$#222!124?C_??O!7?C$#223!119?O!7?A!19?C$#225!131?G$#226!117?_$#227!86?A@!47?C!17?O$#229!131?@$#230!85?C!36?G?_??O!20?C??G$#231!125?C??A?G???C!20?_$#232!84?G!35?O!21?A$#233!132?@!7?A??A$#234!141?A$#235!139?A!9?C$#236!83?O!34?_!7?O??G???C!10?A$#237!123?G!5?A$#238!123?_!14?A!6?A!6?G?O$#239!126?C$#240!82?_!38?O!10?C@???A!8?A???C$#241!136?A$#242!125?O??G?A!25?_$#243!119?_!27?A$#244!131?O??GG!12?G$#245!128?__??O???GG!8?GG??O$#246!138?G$#248!124?G$#249!86?@$#250!81?OGC!65?@!8?_$#251!84?A@!62?@??AA?CG?O$#254!80?_??A@!50?@!14?@??C??G$#255!82?C!44?C-#0!128?CCCAAABBB!5@$#1!126?GKG?ACCC???AAA??@@@$#2!125?G???G???@CC!4?AA???@@$#3!123?!4O??AGG!4?CC!4?AA???@$#4!120?__o?G?COO???HG!4?CCC???!4A@$#5!119?_?O!6?A!9?G$#6!123?!5_?!4O?!4G???CCC!4?AA$#7!133?O!10?!4C??A$#8!123?G?C!5?@$#9!135?OOO$#10!128?!4_??O!4?!6G???CDCEC$#11!118?_?O!11?___???OOO!9?@$#12!135?___???!4O!4G!4?C$#13!127?A??@!7?!6_?OOO?!6G$#14!145?___!6O$#15!151?___?OO$#21!122?G$#24!152?A$#26!124?C!19?_$#28!148?___???SG$#30!117?_?O!33?A$#31!151?@$#32!155?___$#34!129?@!24?_$#35!121?G!4?A$#37!156?GO_$#42!123?C$#45!118?O$#47!152?@??C$#51!120?G!33?A$#52!125?A$#53!128?@$#54!116?_$#65!87?BAA!5?@@@$#66!87?CCCA$#67!91?!6A??@$#68!85?_D?GGC!10?@$#69!87?G???!5C?AAA@$#70!87?O??G?G$#71!86?O!10?CC$#72!85?RA??O!27?O$#73!86?G!7?G?C!5?@@@$#75!87?___ooo!7?CC$#76!86?_?O??G?G!4?GCAA$#77!93?O???G?G??A$#78!93?_?_Oo??G??C$#79!96?G$#80!82?__o!17?C$#81!83?[AC!29?_!8?A$#82!84?KG!9?G_?O!4?A$#83!94?oO!8?AA$#85!104?G$#86!104?C$#88!103?OO?G$#89!101?GGG?C$#90!82?O!18?_???G$#94!98?_OOO!4?EAA$#95!84?@!34?G$#96!99?__!6?C?@$#104!88?@$#109!90?@$#111!89?@??@$#113!94?@$#114!98?@$#119!159?_$#120!91?@?@$#122!122?C$#123!127?@!25?@???G$#124!158?O$#128!105?@$#129!106?@@@$#133!113?@$#134!105?O?G???A$#135!109?C$#137!103?_$#141!119?C!4?@!36?_$#142!82?A!76?GO$#144!108?C$#145!83?@!20?_!12?G???A$#147!112?@$#151!115?O$#170!114?O$#174!102?O$#176!110?A$#186!80?_G!73?@$#189!158?C$#194!106?O$#199!102?_!8?@!11?@$#201!113?_$#203!114?@$#204!110?@!5?G$#205!112?_$#212!157?A$#213!81?_GA!25?A!8?C$#214!155?A?C?O$#217!82?C!73?A$#218!81?O!72?@$#219!110?C?A!43?C?G$#221!80?OC!26?G$#222!120?A!35?@$#225!82?@!28?_?O!8?@$#226!115?G$#227!105?_$#229!117?C!42?G$#230!107?O!5?A?@!45?O$#231!80?G!28?G?C!7?A!39?C$#232!81?A!76?A???_$#234!79?_$#235!121?@$#236!110?_?O?G!42?@$#237!116?C$#238!106?_!9?@?A$#239!114?A$#240!79?OC!29?G?C$#242!108?O!11?@$#243!113?G!47?G$#244!122?A??@$#245!118?G?CC?A$#246!114?_?O!9?@!33?_$#249!81?@$#250!77?_?A!83?O_$#251!78?G?@!78?@A?G$#254!77?OCC!31?O!49?ECG$#255!79?@!80?@???O-#6!118?@@@$#7!117?A???@@$#8!117?@$#9!115?A$#10!114?C?A?!5A@@@$#11!113?C?GGKCC???AA?@$#12!112?GGGCC!10?!5@$#13!111?O!6?G??C!7?AAAB@@@$#14!129?CC??AA$#15!128?GGG!4?C!5?A!6?@$#18!111?G??A?@$#21!108?_oO?COO!5?C$#24!107?_??g_o??O!9?A$#26!113?_??O!5?!4CAAA!7?!5@$#28!119?!5G??CCC??CC??AAA???!5@$#30!108?O!5?_@?OO!5?!4G!5?CC???AAA!5?@@$#32!126?O!11?CC!5?AA!5?@$#33!111?C!15?!4O!4?GG???!4C???!5A?!5@$#34!113?A?_???!5O!7?GG???CC!4?AAA!4?@@@$#35!116?!4_!4?OO!7?GG$#36!106?_!17?!4_!10?GG!4?!5C!4?!4A?@$#37!128?__!5?OO???!4G!5?CCC!5?A$#38!120?!4_!7?OO!4?G!14?A$#39!133?OO$#40!138?OO!4?GGG!9?C$#41!109?G!24?__!4?OOO!4?!5G?G???CC@$#42!130?!4_???O!14?!4C??AA$#44!138?___??!6O!5?GGG$#45!141?__!6?O!7?GGG$#46!136?__!14?G!6?CC$#48!143?__!8?!8OG$#49!107?O!37?_!15?O$#50!146?_!15?_$#51!112?A$#52!150?OOO!7?I$#53!114?@$#56!161?_O$#57!147?_!12?_C$#58!105?_!4?C$#59!148?_$#65!106?O$#70!85?@$#74!81?A$#75!82?GNNMB@@@??@$#78!81?C!4?KCAA@@?@$#80!81?PF!9?A$#81!80?O!32?@$#82!87?A$#85!82?OooO$#86!87?GC??C$#88!91?_!4?A$#89!81?__??_OOW?GA?E???@$#90!80?_!17?@$#91!90?A!4?@$#92!86?_??CC$#93!87?_$#94!81?G!7?G!4?BA@$#95!80?K!11?_!7?@$#97!149?_!9?_$#100!150?_!6?__$#103!151?_???__$#104!152?___$#107!163?_$#109!162?G$#123!104?_???G!51?@$#134!95?O$#136!94?_???C?A$#140!165?_$#141!97?G!4?@??G$#142!164?G$#144!93?_$#145!79?W!16?G!4?@$#148!101?_$#150!103?O???C$#156!109?A@$#162!94?O!4?A$#168!102?_$#171!88?__?GG$#174!89?OOOSGKCCA?@$#175!90?_$#176!79?_$#186!163?C$#189!80?@!81?@$#190!111?@$#191!79?C$#193!93?O!15?C?A!51?O$#194!99?C$#198!108?A$#199!97?CA$#201!164?O$#209!80?A!14?G$#213!103?_?OGG!53?A$#214!106?C???A?@$#215!104?O$#218!161?@CG_$#219!108?C!54?A$#220!96?O!7?G!60?O$#221!79?A$#222!101?A$#223!103?@$#225!102?O!61?C$#226!78?_@!18?G!10?@$#227!107?A$#229!78?O!16?_!4?_$#230!78?G!26?C$#231!100?C!65?_$#233!103?G!61?G$#235!97?O!4?A!60?@$#236!101?O$#237!104?@???@$#238!106?A$#239!99?G!64?A$#240!78?A!17?_??_!4?C$#242!101?C!64?O$#243!102?G$#246!162?A$#247!78?C$#249!103?A!61?C$#250!76?K!90?G$#251!76?O!88?@E?_$#254!76?a@!89?SO-#21!102?GC?A@??@@$#24!99?_O???E??@B$#26!103?G?CA$#27!100?_wOOG?CA?A?@$#28!105?@$#29!105?G?C$#30!102?c$#33!98?_!14?@$#34!104?O?G?C?A?@$#36!99?O???A!13?@$#37!114?A!4?!4@$#38!114?@@@$#39!103?_!7?AAA!4?@$#40!124?@@$#41!113?C!5?!4A???!4@$#42!105?O?G?!4C??!4A!4?@$#44!123?AA$#45!104?@!14?CCC???AAA!6?@$#46!100?G!5?OOW!4G?!5C!11?!4@$#48!123?CC!13?@@$#49!101?C!18?GG???CC!7?AA$#50!118?O???!4G!14?@$#51!109?___???OOO!9?!5C$#52!107?_?OOO!4?GG!4?C!5?AAA!6?@$#53!104?___!6?GGG!19?@@$#54!108?_???OOO???GG!11?AAA$#56!141?@$#57!102?A!14?_!5?!4O??G!7?A$#58!97?oO!19?___!6?O??G???C!7?@$#60!112?___!4?OO!5?GGG???C???A$#61!115?__!4?OO!10?C$#64!103?@!22?_!18?@$#67!135?O???G!21?@$#68!160?@$#69!137?OOO$#71!136?__???OG!11?A$#73!135?_!7?GG??C??C?AA!5?@A$#75!161?A?A$#76!140?o$#77!141?_?O$#78!152?C$#79!138?__??o!8?C???A$#80!82?C!81?B$#81!81?_!12?_??G??A?@$#82!149?G!9?A$#83!144?OWG!6?CC?A$#85!83?K@!77?A$#88!81?Raa$#89!82?H@E!77?C$#90!80?@K$#91!143?_??O???!4G?C$#92!144?__!4?OOO???C!4?C$#93!146?_!11?CCC$#94!147?OOO???OGG!7?C$#95!80?]!10?@$#96!164?C$#97!96?_!25?__!7?G???C??A$#98!99?G!24?_!38?@$#99!121?_$#100!125?_??O???G!6?A$#101!136?C$#102!143?@$#103!133?G!6?A???@$#104!129?O!4?G$#106!135?G!5?A!20?@$#107!137?C$#108!127?_??OOO!13?@$#109!128?_!4?O!6?C!7?@$#110!136?G$#111!129?__???O??GG??C$#112!149?@$#113!131?_!10?C!11?@$#114!132?__??O!18?@@$#115!146?A$#116!134?_!6?G!15?@$#117!151?A$#118!95?_??G?C$#119!96?O!4?A!36?CC??AA???@$#120!144?AA!4?!4@$#121!140?G??C???AA$#123!99?C$#126!144?C!4?AA$#127!145?CC!11?@$#128!148?CC!7?A$#129!147?GG!9?A$#133!87?O$#134!88?G??A@$#138!80?_!8?C$#141!86?_!5?_!73?A$#145!79?K$#149!94?OG??A?@$#151!166?C$#159!97?C$#160!165?@G$#162!86?O$#169!85?A?@$#170!86?A$#171!84?GDDA!59?_$#173!90?A$#174!82?OOOG!62?_$#175!88?A$#176!79?B$#179!160?OO$#180!87?C?@!60?_$#181!88?@!71?GGWO$#182!149?_!13?G$#183!157?OWG!4?O$#184!165?O$#185!159?__?___g$#190!161?_$#192!166?O$#195!99?A$#199!84?_o$#204!86?G???@!60?___OOWK!6?G$#205!156?___O$#209!87?G?A!64?__!9?C$#210!88?C$#213!95?O??C??@!63?A$#214!93?O$#215!93?_$#216!166?_$#217!167?o$#219!79?O!10?C$#220!93?@!5?@$#221!96?C!69?@G$#222!89?G$#225!78?@!15?G!72?C$#226!78?A!12?_A!4?A$#227!88?O$#229!79?_$#230!78?C$#231!87?_$#232!92?O??C$#233!78?G!19?@$#234!91?C!75?A$#238!93?G!74?O$#239!90?g!5?A!71?_$#240!78?O!14?A!74?G$#242!89?O!77?@$#246!96?G$#247!94?@$#248!94?C$#250!76?K!92?A$#251!77?_!13?O!78?o$#252!76?O$#254!76?A!15?C!4?@!70?CDG-#26!96?C$#27!97?A@$#28!92?_??CA$#29!93?OGG?CA@@$#30!94?O$#34!93?_??G@?A$#38!101?@$#39!95?O??C$#44!92?O$#46!91?_?G_??G??A$#50!95?A$#51!99?C??AA??@$#53!102?@$#54!94?C!8?@@@$#56!96?@$#57!112?@$#58!102?G!10?@@$#59!96?_O?O?G??CC??AA$#60!96?O??G?E??AA?@@@$#61!98?W?G?CC??AA??@@$#62!100?C$#64!95?@$#65!88?_???G!33?@$#66!87?_O!5?A$#67!121?C$#69!114?_??OOGG???C???A??@$#70!116?_!11?CC$#71!115?_???O?GG!6?AAA??@$#72!89?G???@$#76!117?_??O$#77!119?_?O!6?GGK???A??@@$#78!122?O!4?O???CC???A??@@@$#79!118?_!7?GG!4?AA?B@$#81!86?_O??CA$#84!81?@$#85!128?o$#86!127?_$#89!129?_$#90!136?G$#91!120?__!4?O??O?G?C???AA???@$#92!122?__!6?O?G?CCC??!4A@$#93!125?__!4?OOG???C!6?@$#94!124?_$#95!82?@$#96!130?_!10?C$#97!100?OO??G!6?AA??@@$#98!102?O!14?@@$#99!95?_?_!5?G??CC??A$#100!99?__??O!5?C???AA!4?@@$#101!110?C$#102!98?_!6?GG?C$#103!101?_??O??GG??CC??AAA???@$#104!105?O???G!8?A???@$#106!111?G?CC!4?A???@$#107!102?__??O???G$#108!112?G!4?C??A$#109!110?O??G!4?C??A??@$#110!104?__?OOO!5?CC$#111!109?_?OO??G!6?A??@$#112!106?___!5?G$#113!110?_??O??GG?C???AA??@@$#114!111?__?O???G?C!4?A$#116!113?_?OO!5?CC??AA?@@$#117!125?CCC!4?@@$#119!89?_OW??@$#123!89?OgCAC$#124!92?CA$#128!123?GGG$#129!123?OOO$#133!133?_???O???G!4?C!8?A$#134!83?A!50?_?O???G!6?C!8?A$#135!145?C$#136!82?A!74?AA$#137!138?O???G!7?A!8?A$#138!132?_!11?C!16?A$#139!154?A$#140!152?AA!10?A$#141!84?_???C!62?A!8?A?AA?A@$#144!84?@$#145!135?O!12?C$#148!149?A$#149!87?G?A?@!66?_!6?_$#150!85?@$#159!85?O$#161!157?_!8?_$#171!142?C$#173!147?@?@$#175!148?@?@$#176!139?G???C$#177!148?A$#180!131?_???G!9?@$#181!146?@$#182!138?G$#183!134?G!8?A$#199!137?G??C!6?A$#200!151?@$#203!89?C!67?@@$#204!138?CC!4?AAA$#209!133?OO$#210!152?!4@_??@@@$#211!156?@!5?!4@$#213!83?@!4?G???@!42?_$#214!86?G!62?C$#215!86?O???A$#218!85?_$#219!84?A!5?@!52?G!11?_$#220!80?@A!68?C???_!11?A@$#221!139?O!28?_$#222!169?_$#223!87?C!56?G!8?_$#225!136?_!14?C$#226!83?_!56?O!11?_!17?_$#228!152?C$#229!145?G!7?C$#230!88?A!62?_!19?_$#231!84?O!52?_!8?G!7?C$#232!83?C!57?O!8?_!4?CC!4?OOO$#233!157?C??O?CCS!7?_$#234!82?C$#235!85?G@??@!57?G!10?CSCC???O$#236!85?A!63?_!8?O$#237!138?_???O!14?O!8?OA$#238!80?A!67?G!7?O!16?_$#239!86?C!61?_!18?O$#240!79?@!4?C!58?O!5?G!5?O$#241!174?_$#242!81?C_!4?A!51?_!7?_??G???O!11?C?O$#243!153?O!15?O$#244!159?!6_$#246!167?_$#247!165?C$#248!83?O!84?@$#250!80?_O!89?GG???O$#251!80?G!63?O!23?C!4?G?O??__$#252!169?A$#253!78?AC$#254!77?@@???O!86?@H???G??O??_-#0!152?!6G!8KGG?G$#1!148?OOWW!4?CC!8?CCG?GG$#2!146?OO!4?OOOS!6O!10?G$#3!149?G!12?!6OS!4OWOO$#4!143?__o__g___??C!14?C$#5!144?O??G!4?CC!16?C?__g_$#6!142?_!9?!20_!4?o_$#7!141?_!36?_$#8!140?_??O!7?C!19?C???G?O$#9!146?G!14?AAA!15?_$#11!139?_??O!16?AA???AAA!5?C$#12!158?A$#16!180?_$#18!176?G?O$#21!150?C!16?A!5?C$#24!138?_!6?G!11?A$#26!141?O!14?A!11?A!12?_$#28!149?C$#29!179?O$#30!91?@!45?_!6?G!10?A!13?A!7?G$#31!174?C$#33!88?G???@$#34!89?CA!49?O$#35!148?C!5?A!15?A$#36!87?O$#37!91?A!44?_$#39!143?G!9?A$#41!90?C!91?_$#42!86?_!60?C!27?C$#43!139?O!31?A!8?O$#45!89?G$#47!152?A$#48!88?O$#49!146?C$#50!87?_C$#51!151?A$#53!90?@!87?G$#54!89?A???@!48?G!29?A$#56!135?_$#57!87?G$#59!138?O!22?@@?@$#61!92?A$#62!163?@!12?C$#65!85?_CA$#66!84?oWJDA$#68!83?_$#69!95?___?OOGG??CAA!4?@$#70!98?___oO!4?KEAAA?A@$#71!103?GGGK!6?@$#72!84?GD$#75!102?__!4?G!4?CEAA$#76!103?O!8?A??@@@$#77!105?OOO?CC?C!5?@$#78!104?__??OG?C!5?A$#79!104?O!4?O$#80!83?O!50?_!48?_$#81!82?wKEA$#86!106?__!7?CC$#89!125?@$#90!81?o!55?O$#91!108?_?!5G!4?@$#92!109?_O!6?CA$#93!110?_!4OW??CE@$#96!80?_!62?A$#99!95?@$#100!86?O!5?C$#101!91?C?A???@$#102!94?B?@$#103!91?G!6?@$#104!90?O!5?AA?@$#105!93?C?A$#106!90?G$#107!92?G?C???A?@$#108!89?O$#109!98?C$#110!89?_?O?GGCCC?AA@@!70?A$#111!96?G$#112!90?_?OO?G???C?AA@@$#113!92?_?O!5?C?C$#114!93?_??O??G!7?@$#115!91?_???O?GG??C?AA@@$#116!88?_!5?_??OO?G??CCA??!4@$#119!88?@!61?A$#122!160?@!4?@$#123!89?@!51?G!25?@!13?O$#124!145?C!12?@@!6?@$#130!157?@!21?G$#132!141?A!36?A$#133!118?_?O?G??C?AA?@$#136!131?@?O$#137!123?GC!4?@!6?G???C$#138!117?_?O!24?A$#139!183?O$#141!130?_!6?G???C???A!26?@$#143!149?@$#144!126?A$#145!185?_$#148!132?O$#149!83?@!47?_$#150!134?O$#159!138?G!39?C???O?_$#165!177?C$#169!117?O$#170!121?G$#171!120?C$#174!123?AAA?@@$#175!122?AC$#180!112?_???!4GA?@@@?@$#181!116?_$#182!121?E$#183!111?_?___O!4?@$#188!82?A!90?@$#191!77?_!101?C?G$#193!168?@$#194!139?C$#199!118?O???C$#201!121?O$#203!81?G$#206!78?OG$#209!120?G$#210!79?_O$#213!82?CA!42?C!21?@$#214!84?@!71?@$#215!129?_!19?A!24?A$#216!81?C$#218!78?_OK!59?G!39?G$#219!135?G!41?A$#220!138?C???A!39?G?O$#221!81?A!37?_!12?@$#222!129?A?O!15?@!26?@$#223!124?G???_!5?G!45?C$#224!82?@$#225!146?@$#226!127?C!58?_$#227!122?O!10?@$#229!137?C!37?@$#230!120?_!12?G!11?@$#231!130?Q!9?A!42?G$#232!125?G?_!53?C$#233!136?C!7?@!40?O$#235!76?_OG!49?C!5?@!41?@??A$#237!80?A!42?O!7?A!7?A$#238!129?O??G!10?@$#239!81?@!39?_!13?C!51?_$#240!126?g!8?@!41?@!4?C$#241!180?A$#242!132?A!5?A???@!41?G$#243!124?O???O??G$#244!142?C???A???!4@!16?@@???AA$#245!132?_??OO??G???C???AA!5?@!14?@$#246!133?_!10?C!10?@$#247!79?C$#248!129?C$#250!74?_OGCA@!101?@?A?C??O$#251!189?_$#253!134?C!52?G$#254!182?@?A?G???_-#7!138?!7@$#10!135?AABAA!5?!11@!17?@@???@@@$#11!136?@!21?!9@!8?@!5?@$#12!131?C?AACC???!7A!9?@@!9?!6@???@@?!4A$#13!128?GGC?CCC??CCC!7?AAA???!4A!4?!17AE!5C$#14!125?OOWOS!4G!19?CC!16?!4C?CC$#15!123?!10_!39?G$#18!182?@$#24!135?@!4?!4C!39?A?C$#26!132?A?!6G!4?C!5?AAA!4?!4A!23?K?G$#28!130?!6O!4?G!4?CCC???CC??!7C??!7C!4?C?!7G?W$#29!184?A$#30!136?OO???GG!5?CCC!11?CC!9?!4G!6?@O?OW$#31!134?@!48?O$#32!122?_?O!6?A?_!19?!17G!5?OOO!8?C$#33!126?G!7?_!6?!6O!24?!4O$#34!138?O!4?!10G!17?GG!6?!5O?___?o_$#35!139?OO!40?___???_$#36!128?C!19?O??O!5?!4O!4?!6O???!4_$#37!142?!4_!6?!5O!4?!4O!5?!4_$#38!135?__!10?O!30?___$#39!137?!5_!7?OO$#40!121?_!25?_!16?!5_$#41!123?O!9?@!15?!15_!21?A$#42!146?_?_!20?_$#45!130?A$#50!127?C$#51!190?_$#52!85?@$#53!125?G$#58!120?_!11?@$#60!84?A$#61!85?A@$#62!184?@???GO$#66!83?@@$#67!85?G$#68!82?AA$#69!87?C?!4A@$#70!82?woWC?@GCGCCA??@$#71!86?GGC?C???@@$#72!81?C@$#74!81?OC$#75!79?_og??__?__o??GC??C??C?@$#76!87?O?G?G??AA?@@?@$#77!85?OA?O?O!5?AAA@$#78!86?_!4?OOGCC???AAA@@$#79!86?O$#80!79?WMB$#81!119?_$#85!97?C$#86!90?_???owwWKGKC??@?@$#87!97?_!4O!5?@$#88!78?O!52?@$#89!78?_$#90!77?OGC@$#91!93?OG!7?AA?@$#92!91?___!8?C?A$#93!101?G?C?A??@@$#94!77?_$#95!126?C$#96!75?__?CB$#97!84?C$#98!122?O$#102!187?C$#103!83?C$#108!83?G$#111!88?@$#114!86?C???@$#115!87?A?@$#116!88?A??@@$#122!129?A$#123!124?G$#131!186?A$#133!106?_?O$#134!107?O$#135!110?G!4?@@$#136!115?_!6?C!4?@!61?C$#137!105?_???G!15?A$#138!111?C!76?A?G$#139!113?A$#140!112?C?A$#143!117?O$#145!116?_?O!5?A$#147!103?_OOG$#149!120?G!7?@$#153!106?O$#154!119?G$#160!123?C$#169!98?!4_o$#170!103?O?G$#171!102?GG??A$#172!104?G??G$#173!106?CEE$#175!109?C$#180!104?C!4?A$#181!105?C!7?@$#183!110?B@@$#184!114?@$#186!186?@!5?_$#189!74?G!116?O$#192!75?C!36?A$#193!117?_???W!6?A$#194!108?G$#198!126?A$#199!104?_!5?C$#205!111?A$#209!76?WKA$#210!75?O??@$#212!76?@$#213!74?_??A!43?C$#214!119?OO!64?@!4?O_$#217!73?_$#218!73?O??A@!109?AC$#219!74?OGC!49?@!60?@$#220!75?A!31?_$#222!109?O!7?@!5?A$#223!192?O$#224!114?_$#225!72?_?C!36?G?C?AO!74?G?_$#226!118?G!71?C$#229!120?C!4?@!63?A$#231!73?G$#232!122?A$#233!108?_!4?_!74?@$#234!118?@$#235!115?O$#236!112?G?C!9?@$#237!75?@!41?G$#238!72?O!46?C$#240!74?A!46?A$#242!112?_!6?@!71?CGO$#243!190?A$#245!123?G$#246!118?_???G?CC?A?@@!58?G$#247!110?O!5?A$#248!73?C!35?_!4?O??A!5?@!70?_$#249!71?_$#251!70?oGC@!37?O!80?ACGO$#252!72?A$#254!69?_?C!119?@???__$#255!113?G?CG-#32!121?!8@!60?@@$#33!119?A@!8?@@!56?@BAA$#36!118?A?!7A!4?@@!48?@!9?EG$#37!116?!7C!4?A!5?@@!40?!5@?!4A??!4C??O$#38!182?!5@A$#39!180?@!4?AA$#40!114?GG???@!8?A!41?!5@???AAA?CC??GG???GO$#41!115?CGIGGG???C!4?!4A!6?!5@!25?@!6?AA!10?GWOo$#42!123?C!11?!4@!45?CCC???G?C$#44!112?!6O!46?!5@!6?A!5?C???G$#45!110?_??G_???O???G???CC!9?A???A!5?@@@!13?@!10?A!9?G!5?_??G$#46!121?G???C!7?!4A!7?@@@!41?O???___$#48!111?___??_??O!4?G!19?A!26?AAA!6?C$#49!111?O!5?_!52?A!8?C$#50!109?_!8?_!38?A!5?!7A!8?C!4?G!5?_$#51!121?!4O!4?GGG?G!5?CCC!7?!8A$#52!115?_!7?G!4?CC!12?AA!6?!13@$#53!130?CC!6?AAA$#54!120?O!4?!4G???!7C!6?!4A!38?O$#56!177?C!8?O$#57!114?C???@!63?G$#58!116?A!59?C$#59!123?___!5?!4O!5?GG!7?!4C!41?O$#60!125?OO!5?G?G!7?!4C!12?!5A$#61!119?__?_!6?OO!5?!4G!6?CCC!42?@$#62!121?_!5?OO!6?G$#64!183?O$#67!181?_$#68!113?C$#72!111?G!83?_$#75!80?@??@@@??@$#78!80?A@@$#80!79?@!37?@$#81!107?_?O!5?A$#85!78?A!4?CKMEAA!5?CC$#86!77?C?AC?EAA?@@?B@$#87!77?AC!7?GGC??A?@B@$#88!110?G$#89!75?GUH@?GK!5?C?C$#90!94?_$#92!75?O!15?@$#93!74?O!4_SO?GG!6?A?@$#94!76?GOOG?A$#95!109?G!84?G$#97!154?!4C!15?CCC!5?G???O$#98!110?O!20?_!26?C$#99!112?G!13?!5_!4?!4O???!5G!6?C$#100!159?CC??!6C???C!15?_$#101!141?O!19?C!7?C!9?GG???O$#102!132?__!5?OO!6?GGG!12?C$#103!135?_!6?O!7?G!19?CC???GG!15?A$#104!136?__!5?OO!6?G!22?G??GG$#105!134?_$#106!168?G$#107!138?_!6?O!6?G??GGG!8?GG!4?GG$#108!186?__$#109!185?_$#110!140?___!8?O??G!8?GGG???G!8?OO$#112!143?_!30?O$#113!157?O!6?O??O$#114!180?_$#115!156?O?O!4?O?OO?!6O$#116!178?__$#117!156?_!7?_?!4_?_$#119!108?_!30?_!6?!5O??G!4?!5G!7?GG!8?OOO$#120!144?!6_??OO?O!19?OOO!4?___$#121!150?_???O!4?O??O$#126!151?__!7?OO!14?__!15?C$#127!153?__??_!12?_?!4_$#128!155?_??!6_?_$#133!96?_??G?CA?@$#136!98?O!12?A$#138!97?O!96?A$#141!109?C???@!79?@$#142!196?O_$#143!108?G?C?A?@$#144!100?@B$#145!100?C??A!91?C$#147!92?[!7?A??@$#149!104?_?OG$#162!102?@$#164!98?G$#169!79?_!4?!4OG!4?]?AFB@@$#170!85?_???_??_!4?CE$#171!81?o!7?GCCA_WW$#172!88?O?__!4?G$#173!87?__OOW$#174!74?KE@?G$#175!95?_?G$#176!99?A$#180!80?_?O$#181!82?___?_$#182!90?G$#183!83?O$#186!70?_?@$#188!105?O$#191!71?C!123?G$#193!99?C!6?_OO???C$#199!74?A$#203!105?_!9?@$#204!73?[`@$#209!72?G_!22?O$#210!73?A$#212!71?_o$#213!105?@!5?C$#214!71?O!41?A$#217!71?G$#218!70?O?A!120?AC$#219!72?C@!26?G??_$#220!71?A!38?A?@$#221!196?G$#222!97?_!10?C$#223!70?G$#225!102?C???G$#227!194?@??O$#228!99?O$#229!104?O$#230!104?A$#231!69?_!32?_!92?A$#232!70?C!35?@!4?@$#233!101?G$#234!71?@!37?A$#235!107?C!90?_$#236!98?_!97?C$#237!69?O!33?C?G$#239!103?O$#240!100?O!4?A!91?G$#242!70?A!30?_!5?@A?@$#245!114?A$#246!116?@!75?@??O_$#249!69?G$#250!67?_C!127?@A$#251!67?O?@!32?G!95?CO_$#252!199?G$#253!106?C$#254!68?IA!125?@?@G$#255!67?G-#44!194?@$#45!195?A$#46!193?@$#48!108?@$#49!109?@!85?C$#50!106?!4A!5@!81?C$#52!192?@?A$#56!103?GCCCDC?A!84?@G$#57!100?_???G!6?A!4?@@@$#58!99?_?OO??GG??C??A!6?@$#61!115?@!75?@?A$#64!98?_!4?C!92?A$#65!189?@$#66!99?O?G!93?G$#67!189?A$#69!118?_!9?G!62?C?G$#70!147?A!39?ACCC???GOO$#71!120?_!59?@@$#72!104?A$#73!133?G!45?@??@@@$#74!140?C!7?A!48?CO$#76!146?A!47?O$#77!187?C?GG$#78!168?@@?@!9?AAA!7?G???_$#79!121?O!64?A!5?G$#80!196?___$#81!97?_O$#83!139?C!40?A???AA$#84!132?_O??G!4?!4C!4?!9A$#85!71?_!87?AA!37?C$#86!127?G!11?G!48?G$#87!128?O!32?A$#88!70?_!29?G?C!95?G$#89!170?A!16?G$#90!70?W!91?A!34?A$#91!132?O!34?@??@!22?O$#92!135?O!9?C!30?AA!4?C??CC!4?OO?_$#93!129?__!44?A!7?CC!4?OO??_$#94!180?GC$#95!96?_$#96!162?CA$#97!101?_GOO!8?!5A$#98!107?G$#99!105?A!14?@@$#100!100?O?_??O!4?C??CC???AA$#101!108?G??CC!12?@@$#102!122?@@@$#103!103?_!11?CCC$#104!104?__O!11?CC$#105!120?A!6?@@@$#106!107?OO!5G!76?@???C??G$#107!121?!6A???@@@$#108!106?__?OO?O!79?A!4?O$#109!111?O!19?AA???@$#110!114?!5G?CCC!4?!4A??@@@$#111!108?___!76?@@$#112!113?!5O?G???C???C!5?A$#113!111?__!73?@$#114!113?__!16?CC???A!53?A$#115!118?OOGG??C?C?CCC!4?A!4?@@@$#116!115?___??O!4?C!7?C!54?A??ACC$#117!119?_??G!6?GG?G$#120!134?A??@@@$#121!143?@$#123!106?@$#126!134?C??AA!5?@?!4@!35?@$#127!135?C???AAA???@!4?@$#128!129?OOG??G?C!7?AA!30?@@@$#129!131?O???G!22?!7@?@!5?!4@??AEC$#130!137?CC???AA!7?!4@$#131!155?@@@$#133!90?G??A!40?O!30?CC!4?G???O??_$#134!164?C!5?G$#135!131?_!5?GG$#136!91?CC?@!72?C!6?O!4?_!19?G$#137!172?G???O$#138!158?A$#140!89?O!108?A$#141!94?_?OG?C??@$#142!87?_!112?_$#144!89?EA$#145!101?A!61?C!4?C!8?_$#146!88?A$#147!88?C!80?G$#148!173?G$#150!100?A$#156!180?_$#162!90?C$#163!98?G$#168!69?_$#169!88?@!34?G!52?C$#170!89?@@@$#171!82?@!103?G$#172!92?@$#173!78?GWXCCK?@@!88?C?G!4?_??OO$#174!71?Wo_!94?A!11?O$#175!81?GG!5?G!87?G?G??OOO_!14?O$#176!88?OG!5?@!25?__ooow__!68?@$#177!87?@!4?A!92?__$#178!91?A$#179!177?O!5?_$#180!77?!4A!90?A!5?CC??G??GG?OO??_$#181!78?sDCBA?IC!101?!4_$#182!72?GOwO?[???ooPO?C!86?C!10?O$#183!73?EEK]@!7?AA!85?AAA!17?_$#184!77?_?_???A@G?M$#185!73?G?__???_??_coW!87?C$#186!122?O?GG?O$#191!70?@$#192!72?@$#193!95?_???G?C?A?@!90?@$#194!174?G!4?O$#198!69?G!33?@$#199!93?@!70?A??A?C!8?O??_$#203!100?C$#204!71?EA@@B@?@!86?@???A!9?G??GG$#205!87?O$#209!70?C?C!92?AA???CCC$#210!86?_?_!86?G$#211!199?C$#212!71?@$#213!97?O!4?A?@!41?C!52?_$#215!69?O$#217!70?A$#219!69?C!25?O!65?C!11?O$#220!69?A!21?G!48?G!19?C$#221!98?C!48?C!20?G!29?@?O$#222!101?@!34?O!11?C!10?C!16?_$#223!94?A!38?_!15?C!8?C!8?G$#225!150?C!21?O$#226!69?@!23?_??G!44?G!9?!7C$#229!99?A!66?G$#230!90?O!5?@!40?O!4?G!28?O???_!23?AG$#231!93?C!40?_!30?G!35?_$#232!94?O$#233!89?_!7?C!40?O$#234!143?G$#235!164?G!5?O$#236!92?G!7?@$#237!68?o!75?G!18?G!10?_$#238!68?G!26?A!39?_???O!29?O$#239!68?C!26?G!49?G!16?G!37?C$#240!92?_!5?A!47?G!14?G!39?O$#242!68?A!22?O!5?@!49?G!20?O!4?_!25?@$#248!140?O!19?G$#249!93?OC!53?G!12?!6_$#250!142?__!7?__!4o!4_!42?_$#251!66?{!69?_!7?__??___OO!6?G!41?AK$#252!141?_!25?_!35?O$#254!66?A@!78?__?GO!6?O!42?@@$#255!158?O!42?C-#10!170?_$#11!171?_$#12!169?_$#13!167?__???_$#14!166?_$#15!97?_!64?OOO_OO!5?_$#21!96?_$#28!165?O$#30!97?O$#32!161?O$#33!95?_!64?O???_???O$#34!98?O$#36!99?G!59?O???_$#37!162?_!6?O$#39!174?_$#40!158?O??_$#41!98?G!58?O??_$#44!156?O??_$#45!154?OO??_!11?O$#48!94?_!58?O???_???G$#49!100?C!51?O???_?GGG?G$#50!151?O!5?G!5?G$#52!96?O$#55!175?_$#56!92?__!5?CG!49?O!4?_G$#57!94?O!4?O!54?_$#58!91?_?O?OGMb!56?G$#59!95?G!68?G$#62!171?O$#64!91?O???A!52?o___$#65!147?_!4?G$#66!96?@!49?_O$#69!104?_O!4?AA?@$#70!105?_o???CC!5?A$#71!107?G?C??A!4?@$#72!90?O??C!52?O!4?G$#73!145?_$#74!71?E$#75!71?G$#76!107?O!4?C!5?@@$#77!107?_O?GG?C???CAA$#78!108?_???GG!4?CC$#79!108?GWO???CCC???@$#81!88?_??GC?A@!54?G$#84!70?K$#85!70?B@C$#86!118?OOA$#87!72?G!45?__$#88!72?@!94?G$#89!72?AEE!42?O$#91!109?_?OO?G?GGG$#92!113?OO!4?G$#93!110?___???O!78?@@$#94!115?O!28?_!52?@$#95!93?A!51?O$#96!79?O$#97!92?O???E??B@!48?O???_$#98!95?C??C_?C$#99!94?G$#100!97?@??AB!50?_$#101!100?_?@$#103!102?A$#104!100?OWC@$#106!102?GA@@$#108!101?_?CA?@$#109!102?OG$#111!102?_?CA?@$#113!103?O?CA?@$#114!103?_???A?@$#115!104?G$#116!104?OGKCAA@@@$#117!108?C!4?AB@A$#118!90?_??G!60?G$#119!92?G!60?G$#122!94?C!70?G$#123!89?_!76?G!5?O$#124!176?_$#127!116?@$#128!115?A$#129!115?G$#132!169?C$#133!86?@!41?c!52?@?A$#135!128?O$#136!128?G!55?A$#137!80?_$#138!82?G!45?A@$#139!85?A!66?CCC!31?C?G??_$#140!81?O!59?_$#141!83?C??_O??C!54?GG!4?C???C!15?G!15?G?OO$#142!70?O!111?@!18?C$#143!89?G$#145!143?O!36?@!4?C!6?_!8?G$#146!91?A!102?_$#148!84?A!108?O$#149!93?@!53?G$#150!150?C!28?_$#153!92?A!55?G$#159!169?G$#160!201?O$#161!172?G$#164!193?_$#168!177?_$#169!74?G!45?[$#170!120?_!6?A??@!61?G$#171!73?G@??O$#173!72?o_?[uG$#174!73?@???__$#175!75?A??W$#176!121?!6~@@$#177!75?_!7?@!102?@@!4?O??_$#178!185?A$#179!185?@$#180!114?_?__$#181!73?O??G@?B??@$#182!71?_!5?CCCHC??@$#183!113?_?_!76?@@BAAA$#184!74?O!52?{!59?AB@@B?GW!5?O$#185!74?_@@AB?EBA!107?AGCACSG$#186!200?@?_$#190!187?C?AC?AC???O_o_$#191!142?O!58?A$#192!195?Gsg$#193!88?OO?C!57?G$#194!79?_!4?C@!97?@@$#197!189?G$#199!79?G$#200!83?A!102?A?CCGO!8?G_$#204!71?O!126?B$#205!199?C$#206!199?G$#208!191?C!5?C[A$#209!143?_!55?@$#210!82?C!59?_$#211!200?E$#213!80?OG!5?_??G???@$#214!88?G!55?G$#215!165?C!10?O$#216!69?@$#217!70?_!73?O$#218!149?C$#219!166?C!35?O$#220!83?G!8?@!47?_!26?C!5?G!6?_$#221!69?A!78?C!33?A$#222!69?C!107?O$#223!85?_???C!57?C!20?C!10?@!21?@$#224!87?@!41?A!60?_$#225!82?O!101?C???O!13?G$#226!174?G!11?G$#227!131?@!9?O?G$#228!69?G$#229!81?_!4?O!68?AAA!20?O??_$#230!86?A!59?C!6?AA???AAA!9?C!10?A$#231!90?A!70?A!13?G??@!23?C$#232!69?O!82?A$#233!85?C?G!41?_!15?C!25?C!11?C$#234!162?A$#235!151?A!11?A!15?O??_$#236!91?@!37?S!34?A!22?O?_$#237!129?G??@!9?G!7?A!34?G!17?_$#238!68?@_!14?g???C!41?A!8?_!25?A!6?C???G@??A!21?A$#239!88?@!60?A$#240!68?A!71?O???C!21?A!13?O??_!19?O$#242!83?O?O?A!60?A!18?A!5?C???G!4?C$#243!168?A!7?@$#244!156?!9C!5?G???OO??_$#245!168?G$#246!173?O$#248!68?C!13?_!6?A!80?@@???A$#249!131?C!40?@?A???C??G$#250!67?O!63?w??A??@@!6?@@!22?@!9?C!4?O?_!15?@?C$#251!66?@_!62?G?C??A??OH??AA!60?A_$#252!67?G!69?_!6?@$#253!141?C!34?A!26?G$#254!66?E!73?D!36?C!25?@GO$#255!136?A-#0!186?__$#1!182?GGOO$#2!179?CCG?O?_$#3!180?GC??G?O?_$#4!176?AAC???O$#5!88?_!84?@@@??A$#6!179?G!4?_$#7!174?AA?C?A?OC_$#8!87?_OOG$#10!89?_!81?@@!5?G?O?_$#11!90?OK$#12!86?_??G!83?A??D??O?_$#13!170?@!4?C?GO?_$#14!169?@?AACC?GO?_$#15!90?C!77?@?A?C?GGO__?A!4?G?O?_$#16!93?AA@$#18!90?_OC$#21!92?GC$#24!94?@$#28!92?A$#30!87?O???_$#32!93?G??@!69?@@?A?C?G?O_@$#33!94?CA!74?C?G?O$#34!92?O$#36!85?_??G!4?@!71?@?AAC???O?_!7?C$#37!166?A!4?G$#40!164?@A??C???O?_$#41!91?A!71?@???C?G???_$#42!170?G$#44!89?C??_!69?@?A?C$#45!93?O!66?@@?A!4?G???_$#46!86?O!84?O!9?A$#47!178?@$#48!162?A??C?G?O?_$#49!87?G!4?@!66?@!4?C$#50!88?C?A!67?@??A?C??G$#51!95?G!72?O?_$#52!170?O$#53!93?_!92?G?O$#54!94?W!95?_$#55!184?C$#56!85?OGC?A@@!70?C???O$#57!88?A!8?@@!58?@??A???G$#58!89?@!69?A?C?G?O?_$#59!82?__OG!9?_GC$#60!84?_!9?_CEA!67?G?O?_$#61!95?O!72?_$#64!87?A@!64?@BA$#65!149?!4@A$#66!81?_!66?@$#67!151?A?CC$#68!152?C$#69!101?_GE@!44?A?C???GO__$#70!102?_WE@!40?@BA???GW$#71!102?O!46?CC???W?_$#72!85?C$#74!146?A$#75!104?__@!39?CC$#76!103?_?E!42?C?GGO$#77!104?OG!43?G???_$#78!105?OM@@!39?G?O__$#79!104?G!40?@!5?O??_$#81!82?O???A$#86!106?_!39?GWO$#88!87?@$#89!146?O$#91!106?OA!37?A???O$#92!107?[A!41?_$#93!107?_KB!32?@@?C?___$#95!83?G$#97!156?@???C?G?O?_$#98!86?C!10?G?@!58?A$#99!96?O?A$#100!96?_?C!60?C?G?O?_$#101!155?@?A!6?_$#103!97?O?A!56?A?C?G?O$#104!97?_G!64?_$#106!157?C?G?O$#107!98?OCB$#108!156?C?G?O$#109!98?_$#110!99?GC@!60?_$#111!99?_?E!55?G?O$#112!99?OG!60?_$#113!100?O?@!49?A??CG?O$#114!101?G$#115!102?A!57?_$#116!100?_OC@!46?A!6?O?_$#117!155?o$#119!182?A$#122!83?O$#124!84?G!94?@$#129!144?B$#131!141?@!45?G$#133!128?A!10?Y!53?@??C$#134!73?G!65?C$#135!128?T!10?_$#136!194?A$#137!72?C!9?C!112?A$#138!74?G!65?@!50?O$#140!75?G!52?g!69?G?G$#141!76?C!105?@!16?G$#142!71?A!130?B$#143!116?O_WW$#144!114?_$#145!79?@?G?A!31?W!71?C?G$#146!115?_gK___$#147!116?C$#149!192?_$#151!71?@!129?C$#154!117?O??O_$#156!118?C?G?_?o$#158!85?@$#159!183?A!4?G?O$#160!80?O!40?G???o!72?@A$#161!197?G$#164!194?@@$#166!121?O$#167!123?_??_!70?AA$#169!108?_S!8?@@$#170!109?g_?_CW!5A@C$#171!75?@@!33?A!34?O$#172!110?W_$#173!78?@!31?C?WAC@$#174!72?@@@A$#175!193?_$#176!77?A!34?C?A!6?BF!4N$#177!111?W?_?C!4?E?G$#178!119?C???O??O$#179!197?C$#180!108?O?@@?@??@@$#181!111?AB?@!28?O?__$#182!141?GG$#183!141?A_MKG$#184!111?C?W!13?F!16?o$#185!141?OS_$#187!122?O!76?C$#189!199?@$#190!196?@@??B$#194!198?C$#198!79?_$#199!73?AA?A@!62?O!44?A$#201!127?G$#202!127?o$#203!84?A!106?_!8?C$#204!142?A$#205!141?c$#207!78?A$#208!196?A!4?@$#209!140?K$#210!74?CC!64?a$#211!201?A$#213!72?AC!6?_OGCCA@$#214!78?_!5?@$#217!201?G$#218!180?@$#219!139?@!45?C???O??@!9?C$#220!72?G!110?@!11?C$#221!77?C?O$#222!190?G$#223!76?G???G!107?C???O!6?O$#225!70?@C??O!111?A$#226!138?w$#227!138?C$#228!81?C!116?O$#229!138?A!45?@!8?A!6?O$#230!194?_?G$#231!73?O?O!6?A$#232!80?@!110?@$#233!70?A!12?@!105?C?G!11?B$#235!77?_?A!49?o!57?A$#236!194?C$#237!78?S!106?@!7?O$#238!79?G!58?@!58?O$#239!77?G!123?O$#240!71?G!120?A??_!7?C$#241!188?A?C$#242!72?O!7?C!114?G$#243!190?@?G$#244!181?@??A?C$#247!129?N!72?G$#248!76?O$#249!69?@C$#250!68?A!62?~!4?O!68?B$#251!136?m!65?_?G$#252!205?C$#253!203?O$#254!68?DKO_!9?A!54?@@!50?@-#1!188?@@$#2!187?@??AA$#3!79?__!108?A?CCGG$#4!80?OOGC!106?@???OO_$#5!81?G??A?@!106?C??O_$#6!81?_OGCA!100?@?A?C?G$#7!191?G???_$#8!82?C??D$#10!78?_???_OG?A@!97?@AACCG?AO_G$#11!83?_OGCA@$#12!83?A!99?@@A?C?G?OO_$#13!79?O!102?@?A?C?G?O$#14!80?G???@!96?@?A?C$#15!179?@@AA!11?C$#16!88?A@$#18!84?_oGC$#21!86?O$#24!87?GC!103?_$#26!89?A!99?O__$#28!90?@!93?CGGGO_!8?_$#30!183?C???O$#32!178?@?A???G!6?@!5?O$#33!81?C!100?C$#34!186?O?_$#35!86?_$#36!177?@?A?C?G?O$#37!77?_!11?C!97?_$#38!87?O$#39!88?G$#40!82?A!7?A!85?@?A?C?G$#41!184?O?_!6?A$#44!175?@?A!7?_$#45!174?@?A???G$#46!78?O!8?_oGCB!87?C?G?O$#48!79?G!93?@?A?C?G?O$#49!172?@???C?G$#50!171?@$#51!90?OG?@!79?AAC!4?O?_$#52!178?C???O?_$#53!89?OG?@!103?G$#54!83?@!5?_?CA!90?_$#56!80?CA!90?A$#57!81?@@!86?@?A?C$#58!76?_?G!93?C?G$#59!79?CA!11?O?A!80?G?O?_!19?_$#60!90?_OCA!83?G?O?_$#61!91?_GC@!75?@!5?G!18?C$#62!174?C???O?_$#67!97?o!66?C$#69!98?_GF!58?@!4?G$#70!101?A!63?_$#71!99?o?DE!55?@$#75!104?B@!47?@$#76!103?@!53?@$#77!103?A?A!50?AA$#78!103?oS!52?CCG$#79!100?__xKG!49?@@@?ACG??O$#81!75?O$#83!164?O$#84!163?__$#85!106?Ow!49?_$#86!105?smC$#87!108?C!49?_$#89!107?A!48?OO$#91!105?G@!45?@AAA?GG?O$#92!104?_??@!43?@A???C?OO$#93!150?@I??C?G???_$#94!155?C???_$#95!76?G$#97!92?_O!74?@!4?G$#98!167?@?A?C???O?_$#99!93?GC@!74?A!5?O?_$#100!94?GA!72?A???G$#101!93?_!76?C$#102!174?O?_$#103!94?OC@!69?@!6?O$#104!94?_?A!68?@?A?C?GO??_$#106!96?C@!66?@?A!4?O$#107!95?G!72?C?G???_$#108!97?A!74?_$#109!96?GC!65?@?AC???O_$#110!95?o!71?CGG???_$#111!96?oGB!65?A$#112!162?@!4?G?O$#113!98?C@!63?A?CG???_$#114!99?A!67?O$#115!161?@!6?O$#116!98?WC!60?@!4?G???_$#117!100?WW!57?AC??G?O__$#118!77?O!114?@$#122!75?_OG$#123!79?A@$#124!78?C!119?O$#126!161?AAC??O?_!25?A$#127!160?ACC$#128!161?GG$#129!161?oO$#130!74?_$#133!126?_?_!10?_$#134!127?_K$#135!125?_??@!10?^$#136!128?A$#137!194?@$#138!124?_???O!12?_!58?O$#141!74?G$#142!140?_!60?_$#145!75?CA!66?_$#146!114?A??@@??C@$#147!156?_$#148!115?A!4?M!22?G$#149!142?_$#150!73?O$#151!77?@$#154!115?D@!4?BEE?@$#156!116?MGGL?G??NI@$#158!120?@?G@$#159!195?A$#160!72?_!44?AAQOO?G!17?GE$#164!126?C$#167!125?C$#169!108?J_!40?C!4?O$#170!108?o^pr`A!30?O!4?KG???__$#173!110?KCM?o$#175!113?W?G!26?@$#176!110?A!12?_!19?O!52?A$#177!113?dD??O!23?E?E???cW$#178!122?O!18?@$#179!115?_!8?O$#180!148?@@ACG??G$#181!111?GO!32?@@BAA?O_?O$#183!143?@!8?SKG!44?G$#184!144?B]]Wc_o_?o$#185!115?O_!9?G$#186!142?W!54?C$#187!117?CS$#189!123?O!20?G!4?O$#190!116?O!5?_!18?O$#192!144?C$#194!127?C!16?_$#196!126?A$#197!121?_$#200!127?G$#202!127?@$#203!127?A$#204!162?_$#205!114?G??__!6?OO!13?E$#208!140?G$#210!119?_!7?O!12?P!4?__$#211!120?_$#213!77?CA@$#214!74?OG?A!122?_$#217!198?G$#218!78?@!120?O$#219!73?_??C!120?G$#220!71?_!123?@$#222!72?O!125?C???_$#223!73?G$#226!74?C!63?`!62?O$#227!138?[$#228!138?A$#229!75?A!121?A$#231!76?@!123?G$#233!129?_$#235!129?^!66?@$#236!199?C$#238!70?_$#239!203?_$#240!71?OG$#242!73?C!124?A???O$#243!75?@$#246!193?@??C$#248!74?A$#249!73?@$#250!68?_OG!60?~!68?A!4?_$#251!71?CA!63?~!62?@@@?GO$#253!74?@$#254!72?@!128?CC-#0!73?_OGC$#1!72?_O_O?A$#2!74?GCGCB$#3!75?_A??@$#4!76?OGCA$#5!76?_PGC!118?@$#6!80?@$#7!197?@$#9!77?_OG$#10!80?A@!114?@??AC$#11!78?_OKEB$#12!195?@??AC$#13!71?_O!121?@??AC$#14!73?GC$#15!75?A!114?@!6?O$#16!80?_O?A@$#18!79?_OGC@$#21!82?G$#24!83?C!116?AK$#26!84?A!107?@@AAACGHG?WO_$#28!191?@?A?CKG!4O__$#29!81?_$#30!85?@!106?A?C!4?___$#33!76?@!116?C?G$#34!82?O$#35!83?G$#36!189?@?A$#37!198?_$#38!84?C$#39!82?_$#40!192?C???O$#41!86?A!101?@!5?G$#42!83?OGE@$#43!83?_O$#44!190?A$#45!187?@???C?G?O$#46!85?GC@!115?GO_$#47!84?_$#48!187?A!6?O$#49!189?C?G?O?__$#50!190?G?O?_$#51!71?OG!13?_OCA!94?@?A?C$#52!186?@?AAC?G!4?_$#53!85?OGA@!112?AC$#54!70?_!14?_OKA@!95?@!14?@$#56!191?O?_$#57!190?O?_$#58!90?C!98?O$#59!74?A@!12?_G?@!89?@?A?C?G$#60!87?_G?@!92?@?A?C?G$#61!88?OCA!91?@???C?G$#62!73?C!110?A$#67!95?G$#69!95?_wMB!72?A?C???O?_$#70!98?C$#71!97?OGB!72?CGGO$#73!177?__$#74!166?@$#75!101?C$#76!99?GF!73?O$#77!99?OGB!64?A!8?_$#78!99?_O?B!68?G?O_$#79!97?_oC!70?CCG???_$#84!166?G$#85!103?G?AA!50?@$#86!105?@@$#87!104?A??A$#89!102?{U@?C!61?OO$#91!101?W?@!66?G?O$#92!100?__!67?G?O?_$#93!166?C???_?_$#94!167?CG?O$#96!167?W$#97!89?oGA!90?A$#98!183?C!4?O$#99!180?@???C?G!4?_$#100!90?OC@$#101!92?A!85?@???C$#102!179?@?A???G!4?_$#103!90?_G!92?G??O?_$#104!92?C@!83?@???C?G?OO$#105!180?A$#106!92?G!89?G$#107!91?O?A!82?@?AA!8?_$#108!183?OO$#109!174?@!10?_$#110!91?_OCB!80?@?A?CCG!4?__$#111!93?O!79?@?A!6?O?_$#112!92?_GC@!80?ACC?G$#113!93?_WA!76?@??C!7?_$#114!94?_C@!74?@!5?G?O??_$#115!174?A?C?GGOO$#116!95?OE@!72?@?AACGG?O?__$#117!170?A!5?O$#122!69?_OGCA@$#123!68?_OGCA$#127!169?@$#128!167?@@A$#129!167?AEC$#130!73?@$#133!106?_?O!4?C??A???@!24?@???AA??CC!6?A!4?o$#134!110?G!10?@!24?@$#135!159?CC?@$#136!112?C!31?@$#137!111?G???A!31?@!7?C$#138!151?AC!5?C$#141!119?@$#145!107?O!40?A!7?CC$#147!108?A!47?B$#148!109?G!7?A$#151!118?@$#155!114?A$#165!66?_$#168!71?@$#169!104?CC?@!50?@@!8?_$#170!107?G@@!12?@!31?@@?AA$#171!104?GGGC!61?_$#172!109?C@@!43?A$#173!113?@$#174!104?O!55?A$#175!105?O!8?C$#176!108?CA??@$#177!105?_!4?A!37?@$#178!111?A$#180!103?_!56?@!10?_$#182!167?_$#184!114?@!36?@B@$#189!202?@$#194!112?A$#198!69?C$#199!104?_?O?G!45?A$#200!110?CC?A?@!33?@$#204!159?A$#205!143?@!6?@$#207!207?_$#208!117?@!88?G$#209!161?@$#210!107?_?O!6?@!36?A$#212!205?GO$#213!67?_!4?@!132?O$#214!68?O??A!129?@???C_O$#215!67?O$#216!68?G?A$#217!203?AC$#219!66?O?CIC!94?@!37?CG???_$#220!65?_!76?@!13?GG!5?@$#221!67?G??@!47?A!4?@!23?A???C!50?A@A$#222!155?G$#223!112?G!11?@!16?@$#224!158?G$#225!115?C???A!42?A$#226!146?A!7?G!9?@$#227!140?@$#228!125?@!24?C$#229!110?O!48?G?C$#230!108?_!17?@!12?@$#231!120?A!24?A!7?G!11?_$#232!113?G??C!10?@!37?O$#233!128?_$#234!128?@!20?C$#235!165?G$#236!127?_!10?@!67?CG$#237!68?A!42?O!40?G!7?G!4?A!39?A$#238!65?OGC?@!47?C!8?_!21?C!16?C!38?@???O_$#239!64?_!49?G!7?A!20?A$#240!109?_!15?_???`!33?A$#242!118?C!4?A!14?__!7?C???G$#247!121?A!22?A$#248!142?A!13?OO!4?CG$#249!124?_$#250!63?OGCA@!45?_??O??_GGO???CKK!10?C?O??gG???O???_!5?_???o!42?@ACGO$#251!62?_!51?_??O!4?GO?CG!11?C?C?OG?_??O?O?_?_O??O?_???C!46?_$#252!121?O!24?G$#253!119?G!41?O$#254!115?O??o?_??GGG???K?`!4?@BGGO?GO???O???_!10?O-#0!67?_oGME@$#1!69?S?HA@$#2!69?_O?C$#3!66?_OG!4?A@$#4!70?_OGC$#5!71?_OGCA$#6!74?A@$#8!76?@$#9!72?_OGCA$#10!69?A$#11!73?_OGCB$#12!70?@$#13!68?C$#14!66?O$#15!206?CG$#18!74?_o??B@$#21!76?w[CA$#24!78?G?@$#28!67?G!9?_?C!121?@???@$#30!65?_!136?BB@AA$#32!205?KGCO$#33!200?@??C??OOg_$#34!78?O!125?E$#35!80?A$#36!207?_$#37!201?A$#38!79?G?@$#39!78?_OKA@$#40!204?G$#41!209?O$#42!79?_OC$#43!82?A$#44!199?@!5?O$#45!202?C$#46!80?_G$#47!82?C@$#48!69?@$#49!68?A!131?A!5?_???_$#50!199?A???G$#51!82?_OC!112?@@$#53!81?oGA@!121?@$#54!82?OKA@$#56!201?C$#57!195?@???C??G$#58!194?@!9?O$#59!67?C!16?_?C!110?A???G?O$#60!84?GA@!109?@?A?C!6?A$#61!83?_?KA@$#62!84?O$#64!64?_??A@$#65!64?O??@$#67!90?_$#68!92?_$#69!91?_?C@!89?AA?C$#70!95?B@$#71!93?G!86?@@$#73!93?oK!87?@ACC$#75!96?A!85?C!4?_$#76!94?oC!83?@??A!4?O$#77!97?@!80?@$#78!97?E!79?@?A?C!4?O?__$#79!180?AA?C?GG?O$#80!96?G$#81!63?OG?A$#82!95?wC$#83!98?@$#84!98?_$#85!176?C!8?__$#86!176?AA$#87!177?C!6?_$#89!97?G!75?@@!5?_GG$#91!176?@?A?C??GGO$#92!98?EB!75?@???C$#93!100?@!77?C!5?O$#94!96?oOGC!80?WOOO$#95!97?_O$#96!99?GC$#97!65?O!22?@!104?@???CC?G!4?_$#98!85?_??A!110?G$#99!85?OGE!107?AA!5?O?_$#100!89?@!108?G$#101!88?C!112?O?_$#102!86?OG!104?@?A?C$#103!86?_??A!101?@?A???G?OO$#104!87?OG?@!104?C??O???_$#106!196?G$#107!87?_?C!100?@?A?C!6?_$#108!197?O$#109!88?_OC!101?C$#110!88?OGA@!96?@@AA?C?G???__$#111!90?GC$#112!91?A!95?@?A?C?GG?O__$#113!89?_OG!93?@@$#114!92?C@!90?@!6?G$#115!92?A!94?AACC?G??O_$#116!93?A!92?A?C?G!4?_$#117!94?A!91?CGGW?_$#118!66?G!141?C$#120!92?@$#121!91?O!101?OO$#123!63?_?GC!142?G$#126!92?W!90?@!7?OO?_$#127!190?O?__$#128!190?_$#131!65?C$#133!103?A!24?@!10?A$#135!114?_??G?C!46?N$#136!115?O!23?_$#137!104?@!44?O$#138!99?O??C!24?@!11?C$#139!150?_$#140!122?AA!4?o!10?W?A??C!21?o$#141!62?G!85?O!60?A$#142!61?O!58?C!7?M!17?GG!62?CG$#143!173?O$#145!100?G!4?@!18?A!15?A!67?@$#146!174?O_$#147!172?OG$#151!63?C$#154!141?_!30?_??O$#158!173?__$#160!120?_o$#163!119?_!21?O$#164!122?O_!18?_$#167!122?_!20?_$#169!169?@!5?A?G?_$#170!101?C!66?BAACC??CG$#171!170?@???A$#172!174?G??O_$#173!170?KAAEC$#174!102?A$#176!143?C$#177!168?CGOGG??GO$#178!177?_$#179!171?_$#180!100?A@@!69?@!5?GW???_$#181!169?C?@!6?O$#182!168?G$#185!169?O?O$#186!116?O?G!23?A??C$#187!120?O!21?O!33?_$#189!125?A@$#190!121?C$#191!64?A@!146?_$#193!210?O$#194!140?OG$#196!124?_!19?_$#197!123?OOo_!13?_??O$#198!211?O$#200!149?_!19?_$#201!118?_O!4?G!20?_!24?_$#202!125?GO!20?O$#203!126?G_!20?_$#204!101?A?@!63?@!13?__$#205!123?G!18?GG!24?o$#206!117?_!29?_$#207!144?O$#208!118?O??GG??CA!18?W_!20?A!44?O$#210!116?_!5?CC!43?K$#211!115?_!4?G???C?CW!12?G!5?O$#212!142?C$#213!62?_???@!34?G!15?O!49?_$#214!62?OG!57?A???@?E!12?CC!25?O!42?G$#218!60?__!57?G!24?G$#219!64?C!53?C!20?@$#220!116?G!92?@$#221!65?A!33?_O!50?_$#222!64?@!39?A!19?@!18?A!69?_$#223!148?G$#225!63?A!56?A!25?C!63?A$#226!138?A?@$#227!62?C!43?@!16?@!14?{!26?[$#229!138?@!11?O!14?a!45?C$#230!61?G!41?C!40?A!20?@$#231!113?_O??C!23?@$#232!119?A!92?G$#233!60?O$#234!122?@$#235!102?G$#236!149?G$#237!105?A!36?@$#238!59?_!85?A!67?O$#239!100?_O!5?@$#240!63?@!54?A??@!88?@$#241!211?A$#242!62?A!53?C!34?O!62?_$#243!61?C$#246!207?@AC?_$#247!115?G!13?~!17?C!4?_$#248!104?C!38?@$#249!102?_$#250!58?OG!43?O!4?A!8?@!13?~!4?B!16?O!9?@!49?CG$#251!57?_??C@!43?GC???@`OGCA!20?{!10?@?AC?G!10?}!48?B??o$#253!154?_$#254!59?CAA!42?O??C?A!6?@!29?@?A??C???_@@!55?A??_$#255!155?@??@-#0!63?oWCB@$#1!62?_?_ICA@$#2!64?COGC$#3!63?G?_??A$#4!66?OGC@$#5!62?O??@?OGC@$#6!66?_??A$#8!70?A$#9!67?_OGC@$#11!61?_??A???_OWE@$#18!69?__WAB@@$#21!63?C!7?_{[EA$#24!74?G?@$#26!62?G$#27!73?_$#29!75?C$#31!74?O$#33!209?@AC$#34!76?A$#35!61?O!13?G$#36!210?@$#37!212?G$#38!64?@!9?_??@$#39!75?OKA@$#40!208?@A?A$#42!75?_OCA$#44!60?_!149?CG$#45!212?OO$#46!63?A!12?_??@$#47!77?WC$#49!212?C$#50!62?C$#51!80?GA$#52!213?_$#53!77?_WEB$#54!78?_WC@$#57!207?@$#59!81?O?A$#60!79?_OC@$#61!81?GE@$#62!80?_$#64!209?GW$#65!63?@!148?_$#66!60?WCA!25?O$#67!87?_KB@!118?__$#68!89?WA$#69!88?_CC@!108?A???G$#70!89?_GE$#72!212?A$#73!92?@!101?@?AA!6?O??_$#74!59?_$#75!90?OWC$#76!92?A$#77!90?_$#78!91?_W?A!99?C?G!7?_$#79!190?@@@??A???C?GOO$#81!60?C$#82!93?F@!100?CC$#83!192?A?A??C$#85!95?A!89?@B$#86!95?@!91?A$#87!93?O$#88!95?C@$#89!92?_G!100?OOO???_$#90!94?G$#91!187?@?@AACC?G?GGG?O?_$#92!188?@?CC!8?O__$#93!188?AA??GG???OOO$#94!94?C!99?G$#95!59?G$#96!93?_$#97!208?A!5?_$#98!61?G!149?@$#99!81?_WC@$#100!82?_G!125?C$#101!206?AA$#102!84?A@$#103!83?OCA!122?C$#104!83?_G!119?@$#106!84?o!118?@?A$#107!85?C@!120?C$#108!85?W!120?C!4?O$#109!85?_K!117?A!4?O$#110!86?A@!114?@!5?G$#111!86?OE@!114?A?C$#112!200?@@$#113!86?_WA!115?C???O$#115!198?@@??A$#116!197?@???A?C!4?_$#117!201?C?G$#118!205?@@$#119!213?G$#120!206?GG???_$#121!59?O!145?G?O$#123!62?@$#126!196?@??A??C???O$#127!195?@??A!6?O$#128!193?@!4?C?C?G??__$#129!193?A!6?G$#130!58?_??A$#133!94?_?C!15?C!40?A???_$#134!95?G!32?@!37?K$#135!113?@!25?~!26?B$#136!128?A$#138!151?@@$#139!154?C?O$#140!128?C!26?G!59?G_$#141!128?_!84?@$#142!56?_!71?W!37?O$#143!174?CC!9?!5_$#144!96?A@!81?A$#145!111?_G$#146!120?__!53?GCA!5?__$#147!185?E?O?O$#148!188?O$#149!214?A$#150!174?G?GK!36?CO$#151!59?A$#152!174?@?A$#153!180?C$#154!115?OKAO?OWo_!28?G!19?Qc!4?IcW_!8?_$#155!97?A$#156!116?_km{B?CO!17?_??C???_OC!25?OOOW$#157!175?@$#158!117?O???C!27?G!22?GJQA??c???_$#160!116?O??AC?G!20?SO?C?G!23?C??o@_??_$#163!118?@!31?_G!19?A??_$#164!115?G???@G???HO!15?V@@??GC?_W?C!19?`!8?O$#166!154?_!16?_?O$#167!117?@???B?KCAA!14?GO_??AASC?sO!16?BmP!4?_$#168!155?_$#169!184?@?CC?G$#170!185?WW$#171!94?O!85?@???A!5?GW??___??_$#172!180?A???O$#173!179?@??C!10?_$#174!95?O!87?@$#175!115?C!67?CC!7?_$#176!113?A!73?GG$#177!142?_G_??_!30?@??K?O!6?O$#178!112?O__!7?AA!18?M??GOG!23?G$#179!114?O!35?A!26?@???AWIG!6?_$#180!188?CC!7?__$#181!192?OO$#182!181?@$#186!58?C!107?_$#187!115?_A!5?@@q`!17?AJu_O!23?C$#188!57?O$#190!146?@$#193!214?O$#194!140?H!7?A!7?_$#195!153?_$#196!125?K!26?_W!15?oO$#197!126?D!18?@!23?K@$#198!127?A!12?E!12?C$#199!182?@$#200!112?_?A!25?O!27?O!13?A$#201!154?O$#202!151?A!16?G$#203!58?G!68?D!39?O$#205!114?K@!33?B!18?B$#206!115?A@!30?@@$#207!113?G!12?o!25?A!15?c$#208!113?O!53?_$#209!111?O$#210!113?C!26?_!9?@!16?D$#211!127?G!39?G$#212!114?@$#213!58?O??@$#214!59?CA!66?o!26?G$#215!60?@$#216!213?A$#217!126?G$#218!112?A!42?O!11?A!44?@$#219!57?g!158?O$#220!111?G$#221!98?@$#222!59?@$#223!215?C$#225!56?O!98?C$#226!96?G!59?G$#227!138?|!15?A$#228!58?A!79?A$#229!157?O!7?@$#230!95?_!15?C!53?A!48?@??_$#231!153?@!4?_!6?C$#232!55?_!109?G!50?G$#233!97?C!14?@$#234!57?C$#237!110?_!104?A$#238!98?A!66?_$#239!96?O??@!10?O$#240!56?G!54?A!105?O$#242!58?@$#245!213?C$#246!214?G_$#247!129?~!35?O$#248!155?AC!59?C$#249!55?O!43?C!10?G!46?G$#250!55?CA!40?_G?A@!7?C!21?~!4?K!22?O_??^!54?G$#251!53?_W!43?O!9?o?@!25?r!19?@?G!4?_!52?@E?_$#252!157?A$#253!57?A$#254!53?O??@!40?O!10?GA!23?AA!23?CG!58?SO$#255!55?A!104?O-#0!61?A@$#1!60?GCA@$#2!59?oSGC$#3!60?_@?A@$#4!58?_??OGC$#5!59?GA??GC$#6!61?_O?A@$#7!65?A$#8!66?@$#9!64?GCA$#10!62?_O$#11!63?_oWC@$#16!58?OC$#18!65?_GEB$#21!57?_??@!5?ow[~ZF@$#24!58?G!9?_?C$#27!70?_GA$#30!59?A$#34!71?OC@$#36!57?O$#38!71?_?A$#39!72?WC@$#41!74?G$#42!72?_WE$#43!75?@$#46!58?C!14?_OE$#47!76?@$#50!214?@$#51!77?C@$#53!74?_WE@$#54!75?_WA$#57!59?@$#58!56?_$#59!78?OC@$#60!76?_GE$#61!77?o?A$#62!78?G@$#64!57?G$#66!211?@$#67!85?KE$#68!58?A!151?@?BC?@$#69!85?_WE@$#70!86?_??B!122?CA$#71!87?wA$#72!211?A$#73!88?K!120?@!6?C$#75!211?CG$#76!88?O!127?G$#77!88?_CB$#78!89?_C!114?A??A?C??G?OO$#79!89?G!116?@@?A$#80!214?C$#81!57?A@$#82!210?A???GG$#83!89?O!115?@?A$#86!91?E!119?G$#87!201?@@!4?O$#88!56?GC$#89!91?P!123?_?C$#90!92?A!124?G$#91!90?W!113?B?C!7?O$#92!90?_G@!110?@?C?C??G??O??_$#93!203?AC?GG??OOO?_$#94!217?o$#95!55?OC!159?A$#96!92?C$#98!81?@$#99!78?_GA$#100!81?A!133?A$#102!79?oK$#103!80?OC@$#104!80?_$#106!214?A$#107!81?WE@$#108!84?@!128?@$#109!82?OCA$#110!81?_GA$#111!84?C@!129?C$#112!82?_G$#113!83?OGA@$#114!84?O$#115!83?_$#116!84?_O?@$#117!208?@$#129!206?A?KK$#133!92?_E!18?G$#134!128?K!89?G$#135!113?_!25?~$#136!128?A!31?G!56?A$#137!92?O!35?@$#139!167?O$#140!128?_!30?C?_!5?G!51?_$#141!53?O!113?_$#142!128?O!38?C$#143!153?o!31?@?@$#145!111?@C!45?@$#146!121?@!24?E??O!23?ooO??_OcKG?@K@C$#147!93?@$#148!167?A!9?O?A$#149!55?A$#150!121?AB!52?__?G_@?_?AOIA$#151!54?C!123?C!8?GA$#152!152?o!44?_$#154!119?j???AA!20?CGA]HU`CIww!14?E\tI@??_?G?@@???O_P@@!5?_$#156!116?OOR?yC??C!16?@@??B@p??@!19?_???K!8?A?_?O!5?O??OO!20?O$#157!183?@?AC$#158!119?S@!28?E_?G???_!14?AGCA@??O@GQA?O???G$#159!54?G$#160!115?O?GG?CW?@!19?A??OK?_G???C??C!13?_A@?G^LBCQ_S{c?_?cOWGWGO$#161!175?A$#163!124?@!26?OA?B!14?G$#164!117?B_??_C??E!15?]kKKW_!4?K?C!15?C!25?_$#166!148?@??A???CSo_!11?W$#167!118?C!4?C?@!16?A?Q_??_???@@?BIG?_!9?q@!4?C?A!6?G!4?mCo_?_$#169!92?G!106?@AECK?WO_$#170!198?BAK?_oW$#171!200?@?A???_??_$#173!195?@?BC!5?__??_$#174!91?_$#175!194?@???G$#176!200?OWW$#177!197?C?G?_$#178!116?G_!4?_!21?_!45?A?C_!6?_$#179!191?@A!5?OO$#180!208?O?_??_$#181!196?@??C$#182!93?G!102?A$#183!209?O??_$#185!193?BACK$#186!158?A?O$#187!112?A@@HAC!4?W!20?`@!11?@!33?_!4?O$#189!113?O$#190!113?AE!76?C?CG??G$#192!116?_$#193!55?_!38?@$#194!114?G?C!23?E_!56?__$#195!56?O$#196!53?_!69?G?_!17?O!25?@$#197!115?E@!6?owW!16?O$#200!112?@!27?G!27?T$#201!157?AO!8?@_$#202!140?_!16?@$#203!113?G!26?P!27?G!49?_$#204!211?_$#205!114?O_!10?@!41?A!22?A@??A!22?C$#206!126?A!31?G!35?CG$#207!111?A!14?_$#208!113?C!12?[$#210!127?U!38?@$#211!127?g!30?CW_$#212!112?O$#213!54?_??@$#214!54?OKA!160?@$#215!216?@$#218!56?@!57?_!12?@$#219!55?@$#220!52?_!106?A!6?A!52?O$#222!93?O!17?C!49?O$#223!166?C$#224!53?G$#226!93?_A$#227!138?~!21?C$#228!54?A$#229!166?G!51?A$#230!111?G!107?G$#231!166?O$#233!94?C!125?_$#234!52?O!59?_!49?_$#236!53?C!107?G!4?_$#237!110?@!48?@$#239!54?@!55?A!107?@C$#240!94?G@!15?O!53?@$#242!51?_!108?A!4?A!54?O$#247!129?~$#248!52?G!109?O?_$#249!110?C!53?O$#250!50?O!43?O?C!12?G!21?~!31?GG!57?_$#251!51?CB!42?_I!11?B?_!25?~!24?@C!57?BK$#252!51?G!111?@$#253!163?O$#254!49?__!44?C@@!11?O!51?AAEC!57?O$#255!50?G!45?O!11?C!56?C!53?@-#3!58?@@$#4!56?_[EA$#5!57?A?G$#6!56?O_WCB$#9!55?_!4?G?@$#10!56?G?_OCB$#11!57?@?_OKA@$#16!55?OC$#17!56?A$#18!62?CA@$#20!55?G$#21!60?_ow[EBB@$#24!54?_!8?_w[KEF@$#27!65?_owGA$#29!68?O$#30!69?C$#31!70?@$#33!56?@$#35!55?C!12?_G$#38!54?O!15?A$#39!69?OKB$#41!70?_?A$#42!69?_OC@$#43!71?G$#47!71?OC@$#51!73?_G@$#53!71?_WE@$#54!72?_WE$#57!54?GA!20?C$#58!75?_G$#59!77?@$#60!74?OE@$#61!74?_WA$#69!83?ON@$#70!85?eF$#71!84?o$#73!85?G$#75!86?w]B$#76!85?O?@$#78!87?_[B$#86!89?GA$#87!90?K$#89!88?_?@!125?@$#91!89?C$#92!89?O$#93!89?_$#95!52?OC@$#97!76?OE$#98!76?_?@$#100!77?WA$#101!78?C$#103!53?_!23?_?B$#104!78?GC$#106!79?G$#107!78?o?B$#110!79?oKB$#112!80?oK@$#113!81?OA$#114!82?O$#115!81?_K$#116!82?_N$#126!83?_$#133!92?N!27?O?_!39?A??O$#134!128?o!10?G$#135!92?O!21?@A??G!20?v$#136!128?@!35?O$#137!123?_!4?G$#138!92?_!23?CC!45?G$#140!166?O!53?C_$#141!128?A$#142!51?C!76?C!33?C!5?C!50?@$#143!151?C!24?@$#145!52?@!68?O!46?A!51?G$#146!147?_???OG_I_s!18?@?A!7?_$#147!145?_$#148!119?G!32?O!36?O$#149!50?_??O$#150!51?G!104?G_!18?E???`$#151!153?W!7?@!59?O$#152!55?@!94?C??@!31?O$#154!146?_?JNZJfEdI@WgG!14?DUW?@B?O?oOG?A_??gG_OO?C!5?_O$#156!118?A!24?G?OWO??_!8?O!13?AG!6?GOA_??CO!4?O$#158!154?OPAEVFG!12?CA__La_Q`_??C}wGg_O_C_aW!6?O?__$#159!54?C$#160!143?CGG?Ao_?_???C???_C!10?@???G?OO??CHGDA??C!5?I?@??___??_??_G?O$#163!118?@A@C??A!22?G!25?@!5?G!9?C??C!9?O$#164!119?@AAAB@E!15?eAAf?@C?O!20?`?@!4?_?C!4?G@!4?GCA!5?_$#166!53?G!68?@?C!54?OK???A!6?A???CEpBK?W$#167!120?C!21?K??FE@C!8?@??o!9?AauWo???K??A?D??@@ABV?OGDH_I[Q[?_$#170!208?A??C?CEE$#171!215?@$#172!216?A$#173!206?@$#174!91?A!125?@$#175!217?A$#176!167?G!39?FDFE?C$#177!91?_!31?C!18?o!60?@?AE?_GH??I??CG$#178!117?@!23?O?p!16?AO$#179!122?C!18?G!20?O!39?@?@C?G!4?A!4?CCA$#181!90?o!123?@$#182!91?@$#184!205?@!7?`WG_OO_$#185!212?@???G$#186!50?O$#187!142?@?O!15?@c_!6?w?GG!9?E!19?G??O???O$#189!161?G!49?QGO_$#190!123?GG!38?O!35?@???GG?OOO__g_??_??G?A$#191!212?O$#192!162?G!52?OO__O$#193!52?_$#194!121?G!5?_!13?@!58?@?A$#195!173?_$#196!119?C?@!4?N!41?_??C!19?@?A$#197!125?@_!42?@[O!16?@???@@!7?A$#199!91?C$#200!91?O!25?AC???G?OG?\!12?_!27?O!32?@?A$#201!126?O!41?@E!30?ACC?AGG$#202!123?O!37?A$#203!120?G!6?A!12?F!25?_!51?@$#204!91?G$#205!116?@!8?O!41?_!43?@!6?A$#206!163?_$#207!203?CC!14?G$#208!167?PG!51?o$#209!140?G$#210!116?A!23?O!23?__$#211!122?O?__!93?C$#212!115?@$#213!51?_GA$#214!51?OC@$#215!52?A?A$#218!119?O$#220!93?_!69?C$#221!121?_!40?@$#222!51?A!115?E!53?G$#223!50?G$#224!117?G$#225!220?@$#226!93?O!70?G?G$#227!138?~$#229!49?_!43?G$#230!93?F!19?@A!5?_$#231!115?C??O!102?C$#232!163?A?G!56?_$#233!50?C$#234!51?@$#235!129?C$#237!49?O!66?G$#238!221?AO$#239!166?@$#240!119?_$#242!50?A!112?@$#243!49?G$#247!129?z$#248!94?_!71?A!55?G$#249!117?O!47?A$#250!47?OC@!45?N!15?@???O!15?~!32?C!58?C_$#251!47?_!64?A???_!19?~!27?@!56?@?AO$#252!95?O$#254!48?IA!46?_!14?ACMG!107?@?G$#255!47?G-#5!55?C?@$#6!55?AB$#7!55?@$#10!54?wWKE@$#11!54?C_oWE@$#16!53?G@$#18!53?OA$#21!53?c???_WMB@$#24!58?_oKA@@$#27!52?_!7?o{}]FFF$#29!52?O!10?_wwG@$#31!53?A$#34!66?OA$#36!52?G$#38!66?_C$#39!67?G@$#41!53?@!13?_O$#42!67?OM@$#46!68?_I@$#47!69?C$#51!71?GA$#53!69?oE@$#54!70?wE@$#56!51?_C$#59!72?_GA$#60!71?oC@$#61!72?OE@$#62!72?G$#65!78?_O$#66!79?_o$#67!80?G$#68!83?A$#69!81?GA@$#71!81?O$#73!81?_[KA$#76!84?@B$#77!85?C@$#78!86?A$#79!82?_$#81!51?O$#82!83?_kW$#83!83?OO$#85!88?O$#87!88?G$#88!51?AA$#89!86?w{$#91!85?_C@$#94!87?A@$#95!50?G@$#96!88?A$#97!75?@$#98!75?A$#99!73?oC$#100!75?C@$#101!74?_$#102!74?W$#103!76?A$#104!75?WC$#106!77?A$#107!75?_G@$#108!77?[A$#109!78?C$#110!76?o?@$#111!77?_W?A$#112!79?B@$#113!79?KC$#114!81?A$#115!81?@$#116!81?C@$#133!93?A?_!32?A!10?O$#134!125?@!13?A?_$#135!94?G!44?D$#136!49?A!78?@$#138!93?C!32?@!12?G$#140!221?@$#141!48?o!93?_!79?G$#142!222?O$#143!202?O!4?@$#145!49?C!44?O!32?A!93?A_$#146!148?@!6?C!31?C!12?[__G??G?C$#147!147?O$#148!153?@!50?_$#150!188?@!11?_U?o?O$#151!147?@$#152!156?C$#153!144?@$#154!144?A?O??HCOVA^wYP!4?CWW??GG!4?@YI?@@VGrO?W?RP_P?A??@??GA?A@DCCB?AO???O$#155!89?O$#156!144?CJNA?CH@?K??_c??A???C!9?_?C?O!4?M?O!11?C?C???A$#157!201?GG???@$#158!150?A!4?@?G!6?__???G!6?am_gRCnoalCAG?@?@@?BG?PW??A?QKc_AAGa???G$#160!124?@!22?G???A???A@A@!9?_!6?o?O??_??@??GGEMMko!4?p??@??@H_Q[gKeWIWOCG$#161!159?@$#163!152?_!6?o!5?O!6?AC@@!14?_??_?_$#164!142?EM?O?CWa?GGO!5?A??wCAA?C???_G!5?G?CG??@!10?O???A$#165!51?C$#166!154?_???W!4?_??s?OO???aC?H!8?A__?_??C?E?@?C!13?C???_$#167!144?G???EOoc?_!4?eK{]?A?KIqCf|DpW?CO?E!5?C???O?OPI]gGuAg`!9?o?C_Ck_OW$#168!195?C!14?O!4?O$#171!88?_g$#172!90?_$#174!88?CCK$#175!90?Oo$#176!93?@$#177!143?@?C!62?@$#178!92?C$#179!92?o!54?_$#180!89?@@$#182!91?C$#184!91?@@$#185!91?A!56?_$#187!142?@!17?@`A???@!4?G!22?O!18?a???Cg$#188!217?_S???C$#190!209?!5@B@DA?Q$#191!216?A@?`A$#192!218?@$#193!49?gU$#194!141?@!4?_$#195!50?@$#196!162?@@???@B?AAC$#197!171?O$#199!91?G$#200!92?GW!47?A???_$#201!164?@@$#203!143?_$#204!89?AA$#205!92?A_!46?OK$#206!142?GOO!70?A???GCC$#208!218?A$#210!94?_!45?M???_$#211!127?@!12?@?O$#213!49?O!90?_$#216!220?@$#217!219?Cw_$#218!141?O!79?W$#219!49?@$#220!95?O!126?A$#221!48?G$#222!94?C!31?A$#224!123?@$#225!223?_$#226!47?_C!90?_!82?@$#227!138?P$#229!138?M!84?O$#230!128?C$#231!94?A?_!28?A$#232!122?@!100?G$#233!47?OA$#235!95?G!33?A$#237!127?C?C!8?_$#238!94?@!29?A!98?C$#240!48?@$#242!47?G!73?@!101?A$#245!50?_G@$#247!129?@$#248!96?O!29?C$#249!95?C$#250!45?OA!49?AG_!21?A?C??G??O??B!4?O!88?G$#251!45?_!50?@O!20?@!5?G??O???C!4?N!88?S$#252!136?_$#254!45?GD!49?C?O!5?ABA!10?@?A?C!4?O!10?_!86?`A$#255!95?@!33?O!96?_-#11!53?]F@$#18!53?_$#20!52?@$#21!53?@wMB@$#24!52?{??o[E@$#25!52?A$#27!51?w!4?_w]FB$#29!51?C!6?_w{~NFF@$#30!62?owW$#34!51?A!12?_A$#38!50?_!14?C$#39!65?G$#42!50?O@!13?OB$#46!66?CF$#47!65?_W$#51!68?_G@$#53!66?_WF$#54!50?G!16?_WF$#59!70?_K$#60!69?oE$#61!70?WB$#67!76?_sF@$#68!80?H$#69!78?w}$#71!80?C$#72!81?G$#73!80?AF$#75!82?C$#76!80?o?B$#78!81?_GEAB$#79!83?@$#80!81?O$#82!84?@$#88!49?B$#89!84?_o@$#90!48?O$#91!83?GK$#94!83?oOK$#95!48?G$#96!48?_$#97!72?E$#98!72?G$#99!71?o@$#100!50?C!21?OA$#101!73?C$#102!73?@$#103!72?_G$#104!73?oB$#106!74?G@$#107!74?C$#108!76?@$#109!74?_G$#110!74?OE$#111!75?_E@$#112!75?O$#113!76?WA$#114!77?G$#129!82?o$#133!98?GO_$#134!97?C!46?@??A???G?O$#136!47?C!107?_$#137!47?G$#138!96?A!48?@!6?G$#139!149?C$#140!223?W$#141!223?c$#142!154?O$#143!192?_$#144!47?O??A$#145!146?A???C$#146!162?C???o!25?E!7?A?GC$#148!148?A!15?K??O!35?@?@?C??@$#150!165?C??G!24?B!6?@gt$#151!93?A!67?O!39?AAW$#152!92?A!86?@A!12?CO$#154!89?_GAKKG!63?B??G_O_aKja__!6?@@?gGQ!4?@?EHNX?GA???C$#156!95?cO?_!56?@???KC??MO!5?O??O!5?o!5?CA!16?aC!4?C$#158!94?CW!64?W?O?BXBCSP??o??@C?_A@pdTC@@???uo?wf{\y|ywD??OwbBKA!4?G$#160!96?__!59?AC??CG!6?GA?A_?AB!8?A?aB_!5?@a??@!4?jE[Wb@EBCDBO?G$#161!200?CO!13?_??A$#163!48?@!39?_?OK!67?@?_!15?G???AG?A$#164!89?O?OOOo!59?CAA@WOA??`!8?G?Q!13?G$#166!153?DA!5?_!7?@!5?@?_QMCSC?i@???C!25?O$#167!90?!4_??G!56?A@?@??a@BB!6?EL{DNk[GcOG!4?wwsWOX!7?@A!8?_OGGCgw_Jo?O$#168!197?C!16?C?@?C$#170!95?@@$#171!86?A@$#172!87?A???@$#173!86?GK@$#174!86?_$#175!86?O?UF@$#176!47?A!108?_$#177!92?@$#178!90?C!80?@$#179!87?o??A$#180!86?C$#185!88?G$#187!171?A!14?GC_!21?_GBA?CKSG$#188!209?o!6?Ab`$#190!93?@@??O!50?@!8?C_!60?bwG$#191!219?[?o@A$#192!220?C?A$#193!49?C$#194!47?_!51?_$#195!176?O$#196!151?BB!22?_$#197!155?C!54?OoO$#198!49?_$#200!89?G!5?A$#201!150?@!71?c$#202!96?C!55?CGG$#203!48?A!94?@$#205!146?@!10?O$#206!94?A!54?@!6?CG!63?C$#207!150?A!71?O$#208!155?GW!65?G$#210!147?@!9?_$#211!97?GO!52?C???O$#213!48?C$#214!46?_$#217!220?BB$#218!149?A$#219!148?C$#220!47?@$#221!223?@$#222!46?O!50?A!52?G?O$#224!145?A!8?_$#225!101?_!40?@$#226!46?G!51?CG!124?_$#228!100?O$#229!224?O$#230!147?C$#231!46?C!97?A!79?G$#232!141?@!7?G$#234!151?O$#235!153?_!70?C$#237!46?A!99?C$#238!224?A$#239!45?_!51?@!45?A$#240!102?_!37?@!7?G$#242!46?@!177?@$#244!50?@$#246!49?W$#248!45?O!52?AC!50?O?_$#249!101?O$#250!44?C!55?G??O_!36?C??G??O?_!76?[$#251!43?_A!54?@?CG!35?AA???G?CO!79?A$#252!44?G!95?C$#253!100?A$#254!43?O@!55?C!4?_!17?G!18?C!5?_!77?`$#255!145?O-#21!52?@B$#24!52?][B@$#26!52?_?O$#27!51?@?_KE@$#29!50?}E??_w}NNB@$#30!57?o?[KDDB$#31!51?G!6?o?QAA$#34!50?@o!7?__wwK$#35!63?O$#38!63?_@$#39!64?A$#41!64?G$#42!64?C$#46!49?_!14?O$#47!64?_B$#49!49?G$#51!66?_K@$#53!49?O!15?{F$#54!66?WB$#57!49?C!18?O$#58!69?G$#59!68?_C@$#60!67?oE$#61!68?GB$#67!75?_$#69!77?oB$#71!78?C@$#72!49?@$#73!78?wy$#76!80?@$#77!80?A$#78!81?N$#79!79?CC$#83!80?w$#90!47?W$#91!82?B$#93!83?O$#94!82?{F@$#95!47?c$#97!69?o$#98!70?G$#99!70?E$#100!70?OB$#101!70?_C$#103!49?A!21?G@$#104!71?OE$#107!71?_G@$#109!74?@$#110!72?Ou$#111!74?_$#112!74?A$#113!75?B$#114!76?B$#115!75?[$#116!76?CF$#119!72?_G$#120!74?[$#121!76?w$#126!77?G$#129!81?o$#133!104?C$#134!101?@!55?@$#135!107?O$#136!46?G$#137!46?O!55?AA!58?O$#138!106?G!52?A$#139!46?C!62?_$#140!160?CG$#141!46?A!58?G$#142!223?B$#143!46?_!51?A?AC?_$#144!87?@$#145!46?@!111?A!4?O_!58?_$#146!98?@??GWW!67?@$#148!168?@@$#150!96?B??aO!65?@@!11?C!12?C?@!8?A$#151!192?G$#152!97?A?@??_!61?A!16?A$#154!88?x@IM?AAac@SGC_!60?@@D?MAAAGQBKB!5?Cg@!8?@BA!6?@???CC$#156!87?A!4?_??[???O!4?_!60?H!6?G!9?_$#157!99?C$#158!89?GD???G@O{G?G!62?A?E?_??@!4?E?ODJiCE@???_@?GG?@ED@@?@?@@?ABB!5?A$#159!48?C$#160!92?D?C?G?_?_O!60?G!7?A?COS?QC!4?W?_!5?BEO{wIAAB!4A@@?CB??AB!6?A$#161!210?@?@!5?C$#163!87?O?o??O!67?@@!5?[[??G_!8?P$#164!87?G?AO??_!8?C!62?O???CC?O???G$#166!87?_???_?GO!74?WOC?B??C_AOO!4?_ECABC!17?G?CG$#167!90?_PIT`!71?O?__?_?_gx`Iw_@??}VVHZ[[oO_??OGC?CC?SSWWGKDK?CKB@?OdG$#168!177?@!8?_!14?C!6?AA??O!4?O__$#169!85?A$#171!83?_E$#173!86?@$#174!85?H$#175!86?E?E$#177!89?C!14?O$#178!162?A$#179!86?_C!15?C??o!57?G$#180!84?wC$#182!85?o$#186!223?K$#187!108?_!75?G???_??_!4?O?C??ggG!9?CKB@A?G$#188!196?C!7?_!4?@!6?AGPO$#189!105?_!117?O$#190!163?C!55?AOO$#191!219?D?au$#192!220?@DG$#194!105?O$#195!211?O$#196!100?@A!61?G??_???_!14?GO!13?O!6?OO?W!4?_$#197!189?_!5?__OgWgO?_!8?_wQ[K$#200!48?@!37?O!20?_!53?A??O$#201!110?_!51?C!34?_O!6?_!14?_?@$#202!159?@!47?_$#203!161?C?_$#204!83?G$#205!86?G!71?@$#206!220?A$#208!108?O!111?C$#210!47?@!56?G!60?_$#211!160?A$#213!47?A$#215!48?A!148?G?_!6?O??o!4?_?_$#216!206?_?_?__$#217!220?GG$#219!102?@$#220!159?C!64?G$#221!156?@$#222!45?_!59?C!118?S$#223!45?O!178?_$#224!224?A$#225!224?@$#226!45?G$#227!107?G$#229!111?_$#230!45?C!58?A!4?O!47?A??G$#232!45?A!115?O$#234!155?@$#236!45?@!57?@$#237!106?C!51?C$#238!112?_$#239!108?G?O$#240!156?A$#242!225?W$#245!48?W$#246!48?_$#247!162?_$#248!105?A!53?G!65?C$#249!44?_!180?A$#250!43?F!65?C!4?O?_!34?@?A@C?G??_$#251!43?G!62?@AA?CGG!4?_!40?O!66?_$#254!42?_!70?O?O!26?o!7?@?A???G??_!66?@]$#255!227?_-#26!52?@$#27!53?@$#28!53?wG$#29!52?EEF@$#30!50?@?W?oM$#31!50?E!4?ONB@$#33!59?_?CC$#34!50?W@_??_o[MBB?@$#35!50?_E!5?_o[KBA$#37!63?A$#38!51?w!8?oww$#39!63?@$#41!63?o$#42!49?~!13?K$#51!66?F$#52!64?O$#53!64?NB$#54!64?_{$#56!67?@$#57!67?G$#58!68?E$#59!67?o@$#60!66?w$#61!67?E$#67!74?Q$#69!75?_o$#73!77?V$#78!79?_$#79!77?_F$#83!78?wF@$#88!46?OC$#90!47?zO$#91!80?A$#92!81?A$#94!79?Ow{@$#95!48?G$#98!69?B$#99!68?w$#100!69?S$#102!69?g$#103!70?B$#104!70?{$#107!71?n$#109!72?w$#110!71?OE$#111!73?_$#114!74?_$#119!72?@$#120!73?^@$#121!74?KB$#126!75?[B$#127!76?K$#128!77?G$#129!79?GC@$#133!119?G??O??_$#134!111?@!9?O!46?O$#135!116?C$#138!167?G$#139!195?G??C!16?A???CC$#140!113?AA!76?_!9?AAA!10?A!6?C$#141!124?_!44?_!23?OG??C!15?A??A!6?B$#142!118?G$#143!46?A!55?@$#145!165?@A!25?O!11?A!17?C$#146!92?GG?@???@!14?__?!5_$#148!102?A!17?O??O$#149!217?AC$#150!98?A!17?_$#151!97?A??@!9?@!79?_!9?A$#152!104?@$#153!46?C$#154!46?@!38?_o~hW[HsSFEA??A?@?AABGC??_??_O!64?@@???@@$#156!89?c_C?_o?CC?CAAC???C???G!5?O!6?_$#157!106?A$#158!90?@???G?@?@!4?@!4?C?O!70?@??A?@$#160!91?o?A?o?@C?G??C?K`J???__??O!63?A??@??A!26?A$#161!196?C!10?@@$#162!46?G?_$#163!88?U@!11?_!67?A!12?_$#164!45?G!40?K???A?@@??Gw?GCC_!4?_!60?@!11?A$#166!108?G!69?G?G?YDC?_???C@EBB$#167!89?A?AA??Go?G?OG?OK?OOow!59?@GG@_lz~~Vkc}CYos]nMLB$#168!187?O@???@!13?@$#171!84?A$#173!84?_$#174!45?O_!35?EF@$#175!83?GSDA$#177!108?@!4?O???O$#178!98?_!19?O$#179!85?O@!21?AAC???G!51?C$#180!82?G$#182!83?oGI$#184!110?A?C!54?C$#185!120?G$#186!112?@??C?C!8?_$#187!101?OWgOo!82?O!16?A$#188!199?C!9?@$#189!111?W$#190!109?C?CWG$#191!221?@$#193!45?_??C$#194!98?O$#195!185?G!5?C$#196!99?O_!21?_!47?FvUZQC??_?O??_G!6?I?C?@$#197!99?_!4?_!62?@?CO?gC!5?O!25?@!12?@@$#198!48?A!145?C!20?@?@$#200!109?@!9?O!48?A?_$#201!115?G!73?O!28?A?@$#202!113?C!55?O$#203!189?_??GG?C!7?@!9?@@$#204!82?o$#206!112?A!75?_!8?@!12?@$#207!114?C!54?G!29?A@???@!17?@$#208!117?G!50?C$#210!45?C!120?@$#211!111?A!4?G!50?AG!32?@@!16?AAA$#213!165?A$#214!196?G$#215!48?@!140?AG!25?@!5?A$#217!190?O!4?AB?@@!11?@@$#218!191?O!5?AA!7?A!4?A$#219!45?A!118?@!42?A??A$#220!45?@!69?A!11?_$#221!208?AA!7?C$#222!168?_!31?C$#223!121?G!72?O$#224!124?O!67?_$#225!118?C!97?C$#226!113?@!83?G$#227!201?C$#229!128?_!95?@$#230!116?A!50?O!47?C!4?GG$#231!125?O!76?C$#232!122?G!75?G!20?G???C$#234!119?C!75?O!18?C$#235!166?G!26?_!9?C$#236!213?C$#237!126?O!38?C!38?C!17?G?A$#238!117?A!45?@!48?C!5?G$#239!44?w!75?C??G!5?_!34?A!34?G!5?C???__$#240!44?E!151?O!9?CccCCc_$#241!206?_!6?_$#242!44?@!172?G$#247!114?@$#248!115?@!11?O!39?_!32?G?OO$#249!198?__?O??O!9?OOO??___$#250!119?@??A??C!35?@ACGO$#251!42?{!80?A??C?G!37?_!30?_!24?_???B$#252!120?@!10?_!92?G$#253!205?_!7?O$#254!42?B!78?A!5?C?G!19?K!15?_!28?_!10?O!17?O?C$#255!118?@-#2!216?GG?O$#3!215?G??O??_$#4!214?G??O??o?_$#6!210?CCC$#7!209?C???KC?O?G_$#10!208?C!6?O$#12!212?G!5?_$#13!207?C???G??O??_$#14!206?C??GG$#15!207?GG!6?C_!4?O$#28!213?O$#30!53?@$#31!54?@$#32!55?o!149?CG!16?_$#33!50?K???_?oKF!144?GGG!9?_$#34!53?A]F@!155?O$#35!50?B??C?GMB$#36!50?O!8?G?BB!139?G!13?C??G$#37!50?_[AO!5?_?KK!141?C!5?O???_$#38!52?@G???oWFB!150?O$#39!51?B!6?_OK$#40!51?_K!148?G!7?O$#41!49?B??o_!8?_!145?O$#42!60?ooO$#44!63?G!143?O!5?_$#45!49?C!13?o!139?C$#46!63?F$#48!199?OW!5?O!5?_!4?C$#49!49?G!148?O??O?O?O$#50!64?o!137?O?O!4?AA_$#51!64?MF$#54!64?@$#55!222?O$#56!49?O!158?A??A$#57!202?C!5?__$#58!67?C!129?O!9?_$#59!66?oJ!144?A!7?G$#60!65?w$#62!66?N!143?_$#63!224?_$#64!206?A$#66!201?C$#67!74?F$#69!75?F$#73!76?rF$#74!205?A$#77!77?_$#78!78?oO$#79!77?O$#81!198?G$#82!78?C$#83!77?GJ$#86!80?_$#87!81?_$#89!79?CW$#90!47?f$#91!79?I$#92!79?_$#94!79?@FH$#95!47?W!146?_$#96!82?C$#97!68?B!127?__!9?A$#98!68?C!136?_$#99!49?_!17?o!138?_$#100!68?wB$#101!69?C!133?_$#102!204?_$#103!69?W@!127?_$#104!69?_E$#106!70?W$#107!70?_!131?_$#108!71?}$#110!71?@!127?_$#111!72?^$#112!72?_$#113!73?^$#115!73?_$#116!74?G$#118!199?G$#119!195?_!4?__$#122!213?A$#123!196?O!21?C$#126!74?oG$#127!75?oC$#128!76?G$#130!214?A$#133!128?@!10?G$#134!128?k!10?_!31?O!12?O$#136!128?O!40?@A$#137!46?_!97?_!26?G$#138!128?A!10?O??O$#140!183?_?G???@$#141!141?O?_!50?O!31?_$#142!188?A$#143!46?O!74?@$#144!46?G!37?GG$#145!186?C$#146!85?OG!5?WKW!11?___w~O?o???@???AA$#148!107?G$#149!193?_??G!19?A$#150!114?o???H?@$#152!91?G!19?@$#153!84?Od@!4?O$#154!84?_?ArKA?@FO?A???GigGg?KCE]F?MLA??BKC?A$#155!85?A?C$#156!86?SGqKGA_B?_?_OACC?OW_?O@???_??o?a$#157!119?@??@$#158!89?@C???A!4?_??O??OG!5?AKK?C?Q]CC$#159!195?O?G??C!18?C??G?O$#160!88?@?BC??DX_?_SOO_Cc?Q@???_O@?KOO??Gg$#162!46?C?@$#164!86?_!6?_?CE?L@@@C?A?@!7?@B???_!6?G!48?A!7?A$#166!123?A$#167!94?_?HKA??AA!11?A?G?_?oO[[K!46?@?AAD@@O?@???C$#168!182?O$#171!81?O$#173!83?C$#174!82?O$#175!83?yF$#176!127?@$#177!90?__!5?A!72?C$#178!97?O!77?_$#179!83?@!5?oO$#180!81?Eb$#186!172?_!42?A$#187!96?O@!5?@?A!10?_!5?_`?G!48?C?o!6?@$#188!187?A$#193!48?}$#194!46?B!58?@$#195!176?C$#196!102?@!22?C!46?B@wGIiA@?BH?B$#197!103?A@!19?ooo!46?[@O?Sl}U{AC?A$#198!127?W!54?C?G$#199!45?@$#200!45?A!78?@$#201!124?A!45?@!9?g$#202!127?_!45?_$#203!171?A!11?O?C$#204!82?G$#205!126?C$#206!126?A!44?C$#207!125?A!14?O$#208!126?@!45?C$#210!45?C!79?@?E!12?_?_$#211!141?_!30?W!13?A?@$#215!183?G?@$#216!182?_???@$#217!187?@!21?@@$#218!187?C!4?_!18?@$#219!45?G!125?_!36?@!14?O?O$#220!186?G!19?@!11?A??C$#221!45?O!94?G!49?@!16?@!4?@!10?G$#222!45?_!139?O!27?@$#223!143?O?_!38?_!15?A!26?_$#224!195?G!9?@$#225!193?O???C!16?@$#226!138?G!30?AG!33?@$#227!189?A$#228!138?o$#229!141?G!77?A$#230!215?@!8?G$#231!191?_!7?A???@!18?C???O$#232!138?CC$#233!188?C!5?G!21?@$#234!191?@$#235!129?p!40?O!25?C!5?@$#236!220?A$#237!142?G???_!21?@!29?A!29?_$#238!169?C!17?G!4?O!24?@$#239!44?B!156?@!23?G$#240!44?K!141?O???A!32?C$#241!218?@$#242!44?O!95?C!29?_!14?_!35?A$#243!200?@$#244!199?C??AAA!15?C$#246!198?C??A!15?A???G???_$#247!129?M!14?O$#248!195?C$#249!196?@!30?O$#250!131?~!7?@!26?@?O!18?_OG_K@IA@!26?@???C$#251!42?B?_!91?w!4?AA?C?GO?_!17?EG!19?_?G?C!31?A???GO$#252!42?C!93?C?@!84?@$#254!42?w!97?@??C?G??O!19?_O!19?O!7?A!27?A?C??__-#4!223?@$#7!222?@?@A$#10!224?A$#12!221?@!4?C$#14!220?@??A?C$#15!227?K$#32!219?@!6?A?G$#33!55?B$#34!222?A$#36!54?@C]@!166?C???OO$#37!57?[!160?@??A!4?G$#38!56?@$#39!57?A@!146?__$#40!50?@^??AG_??G!147?_!17?@$#41!50?A_r!5?_o[FB$#42!57?_]FB$#43!204?_$#44!52?K~CO!6?C!154?@!11?__$#45!50?C???w!7?oF!144?_!11?A??C$#46!60?_wG$#47!203?_$#48!55?_!160?@$#49!50?G!164?@???A!5?G$#50!64?B!149?@???A!8?O$#51!64?C$#52!63?w$#54!202?_$#56!209?_???@!8?C$#57!50?O!14?O!146?@???AA???C$#58!66?[!148?A!8?G$#59!65?_B!152?C$#60!64?w@$#61!65?M$#62!220?C$#65!49?A$#67!73?o}!138?C$#68!75?E!116?A!19?C$#69!193?A$#70!75?G$#71!75?O$#72!49?C!143?@$#73!75?_b!117?AAA$#75!77?CC$#76!76?[!114?C$#77!77?Y$#78!77?_@!111?G$#79!77?@$#80!48?K_$#81!49?W!176?@$#82!197?A!12?G?O$#83!192?C!5?A?AA!6?GG!5?G?O$#85!228?@$#86!78?Wn$#87!80?C?O$#88!47?_b!144?G$#89!194?KGC!14?G$#90!48?O$#91!78?a!114?C$#92!79?O!117?C$#93!80?B$#94!191?GG??C??C!12?OG$#95!47?M!141?G!25?_$#96!189?OC!11?G!10?O??O$#97!66?_!156?G!4?_$#98!67?q!146?A$#99!67?@!133?_!9?@!10?G!6?G$#100!67?G$#101!68?@$#102!67?C!150?C$#103!68?}!144?A!12?O_$#104!49?@!19?B!157?A$#106!69?_$#107!69?[@!149?G!5?_$#108!70?o!124?@!14?_$#109!71?E!122?@!16?A$#110!70?M@!140?A$#111!71?wK!142?C$#112!72?B$#113!72?oM!122?@!17?C$#115!73?@$#116!74?@$#118!50?_!159?@!10?G??OO??C?O$#119!205?@@?@!7?C??G???O$#120!203?@@!5?A!7?G??OO??_$#121!197?!4@!19?O???_$#122!209?@!7?C$#123!201?@@!6?A!7?G$#124!207?@!23?_$#126!210?CC!4?G$#127!75?@!147?_$#128!199?A!4?A!4?C!11?__$#129!203?A!9?GG!5?_$#130!200?_!4?!4A!9?OO$#131!202?AGGGKKC!9?__$#133!90?_!56?A$#134!46?K!81?@!10?@!32?A!57?C$#135!95?G_!42?A$#136!46?A!92?K!5?@!26?@$#137!46?P!45?AA!52?@$#138!90?W$#140!128?A!10?o!10?G!29?G!48?A$#141!190?A@!41?_$#142!128?{!19?C??O!20?C!6?O??@!48?G$#143!106?_$#145!149?C$#146!104?__XrFVD??H!29?G$#147!83?O$#148!105?OA?_G?O?E$#150!107?GO?O!33?W??_!41?C!42?O$#151!106?C?G!64?o$#154!85?_!13?@@D!8?AFf?@?GGuSF!23?c$#155!83?G$#156!85?@!9?@?BF]WGWSBG!5?GWoqt@A@h?_!20?KS??W$#158!101?A!7?_g???C??C?A!25?K_$#159!211?_$#160!96?@!4?OFjWF?C???_??GAE?G?oO__!18?O_?o$#162!86?@$#163!86?A@!35?O_!16?A??A$#164!85?A[EFB!6?AC?_A_!14?_o??G!4?C!15?Ka$#166!116?O$#167!85?O_O!10?G?c???C!12?@???NOBI_!15?@!33?_@$#169!80?wW$#171!81?cg!111?O?GWO$#172!83?C!111?OO$#174!82?E!109?OO?_!4?C!15?_$#175!83?A@!113?G$#177!83?_!6?C@$#178!85?G!5?A!10?_!12?G!6?I$#179!84?{!5?@$#180!81?B@!108?O$#182!83?@!116?G$#186!181?A!4?_$#187!98?O!23?@?@!21?CO!25?G!36?O$#188!209?O$#189!149?G!31?C!6?G$#190!94?C!52?Go!29?_$#191!150?O_$#192!172?G$#193!47?P$#196!85?C?gG!33?CKSO!15?o@A?A!28?BB_$#197!88?_!36?Id!13?A!33?COQO$#198!125?@!14?G!32?B?KCG$#200!84?A!4?CA?@!47?@!5?A!47?_!4?G$#201!88?O!5?A!54?O!23?C!13?O$#202!140?_!33?w??A$#203!127?F!12?O??@@???G$#204!190?O!8?C?K???C!11?_$#205!95?Q?G!94?@_$#206!96?C?_$#207!94?@C!30?O$#208!96?OO!28?G!51?@!9?!5_$#209!191?A!7?O??CCC!9?OO$#210!96?G!91?O!25?_$#211!89?w?C?@!33?g!19?C!32?C@!5?_C$#212!178?AC$#213!46?_$#214!152?_!26?_!52?_$#215!126?A!13?C!36?@!18?_!11?O$#216!149?__!25?GcO$#217!178?KBB!6?G$#218!97?_!29?O!51?G!49?CGO$#219!172?O!9?A???O$#220!172?_!16?A!42?GO$#222!148?A!36?_!45?C$#224!183?@!50?_$#225!45?@!46?CC!86?O!9?@$#226!171?@!58?A$#227!45?A!49?_!42?~$#230!45?C!48?G!52?@$#231!91?_!137?@$#232!171?A!9?G$#233!91?G!58?CG$#234!45?G$#235!129?@$#236!152?O!18?C!15?C$#237!45?O!103?A!32?C???G$#238!188?A$#239!94?O!76?G!13?O!47?G$#240!45?_!107?_!17?O!8?_??A!5?@!42?C?O$#242!148?@!22?_!12?`!46?A???_$#244!227?@$#245!197?___$#246!200?!8O!4?__!14?A$#247!91?O!37?}$#248!93?_$#250!43?K!87?~!18?@ACG!15?A!12?oWKCA@$#251!43?q!92?~!17?O_!13?L!11?O???A@!45?@ACGO$#254!43?@!48?OO!60?_!6?@!7?o!13?_!53?_$#255!230?@!5?_-#0!208?GWWwwo_$#1!205?CK[Sc_$#2!203?CKGQ?_?C??GO_$#3!202?CGQQ_a???C$#4!201?CGQ?_??A???C?GO_$#6!200?KWQ__!4?A!7?_$#7!199?C?A$#8!199?WQ__!10?C$#9!196?GWW__!9?A!5?O$#10!198?C$#11!196?OC_!16?G$#16!198?AA???!7@?AA?CCGGO_$#17!194?GCC!20?O$#18!195?W__!20?_$#19!190?_O?G???A!4?@!10?A$#20!193?Oo_!14?@$#22!192?o_!7?@$#23!191?_$#24!220?_$#25!192?G?C!5?@$#26!219?O$#28!214?A?C$#29!189?_!6?A$#31!199?@!11?@$#32!53?o_!163?G$#33!53?G$#35!190?O$#37!52?EC$#39!193?C$#40!52?H?O$#41!53?A???AFH!135?A$#42!57?@$#43!198?@!13?@$#44!53?@!5?SC$#45!51?@??N?@?G?wI!153?A$#46!59?AB@$#48!52?O??~_C?_?_O$#49!51?A!4?]!5?_w$#50!57?wo!5?y$#51!64?D!152?C$#52!61?SNB$#54!63?C$#55!191?G$#56!65?_!165?@$#57!51?C_!12?]!164?@$#58!66?@$#59!65?@!131?@$#64!229?@?A$#65!50?@o$#66!50?w!179?A?CC$#67!73?@$#68!50?A!180?C$#69!74?G$#71!75?o$#72!49?UC!176?A?C??G$#73!225?@!4?C??A$#75!78?_$#77!77?o$#78!77?@Z_$#79!76?{$#80!49?@!181?G$#81!48?Ag!169?G$#82!228?C!4?GG$#83!77?MC!147?A$#84!47?E_$#85!48?O$#86!79?O$#88!48?@$#89!80?_!147?GGG??_$#90!48?G$#91!79?K$#92!79?@K!150?O$#93!80?OE!145?G??O$#94!79?AA!151?!4O$#95!48?C!185?C$#96!81?O!104?_!6?@!23?@$#97!66?E$#98!66?w@$#100!67?E$#101!67?G$#103!51?G!15?oB!152?_!10?A$#104!68?[$#106!69?N$#107!68?_$#108!70?N$#109!70?o!156?@$#110!69?o$#111!71?v$#113!71?GN$#114!72?oC$#116!73?y@$#117!74?oG$#118!213?@!6?O$#119!228?@$#121!189?O!36?@??A$#122!188?_$#123!192?C?A!37?@$#126!74?E!153?A$#127!75?F$#128!76?B$#129!223?@@A?C$#131!222?@$#133!98?G$#134!91?_!61?C$#135!90?@!48?@$#136!128?O!10?_!14?_!79?@$#137!91?G$#139!91?O!60?@$#140!97?A?O!28?g!10?]!32?_!4?C@!5?A!50?A$#141!237?O$#142!128?F!43?O??_W!5?OG?@$#144!47?@$#145!47?G!105?G!23?A$#146!106?@@?@???QW$#150!105?@!130?G$#151!114?_!67?_!53?C$#154!105?AA???G@?K?G$#156!102?@?B?SOK{aQR@Bp[J@@A@$#158!107?AA?@???C!6?A!23?@$#159!215?@!5?O_$#160!100?A??B???kPASkC_?C_C[E@???@!21?B@$#161!238?_$#163!86?G$#164!86?E?D!12?@???C!6?G???A_A???@A!18?@O?G$#166!87?C!56?B!4?C$#167!86?`aA!11?@EC?C?g?_!7?@O?GKC?`EB!15?B?JCEKAEGwO$#171!228?OO!5?_$#172!84?@$#173!84?C$#174!80?@!135?@!15?_$#175!82?@$#176!90?A$#177!85?@!26?_!41?O$#178!83?@?A!16?I?_!10?A!6?A!20?_O$#179!83?EAC$#180!81?h_!146?_?_??_$#182!82?M_!144?_!7?_$#183!223?_??G???_$#184!172?G$#185!83?Gw!140?GO$#186!96?@???_!52?A!19?@!42?A$#187!101?G?KG_!12?_o?oC!19?G?G???@A$#189!98?C!74?E$#190!89?E!62?O!72?O$#192!224?C$#194!101?O??OO!35?_S$#195!87?G$#196!86?OP_!16?G!14?_???WCB!14?GAC?OOCG$#197!88?O_!9?@C?oO!16?OGw[_o!15?C_?___woo?_!24?@$#198!103?_!22?_!13?AO!54?@$#199!186?A!46?@$#200!85?W???@!63?_!29?_$#201!91?C!9?_!23?GC!23?C!34?_$#202!140?@$#203!127?b!12?{$#204!82?O!108?A!29?@OAACCo$#205!83?O?_!14?G!74?@A!7?O??R$#206!90?C!6?@?A!50?AG_O!21?E!8?C!40?_$#207!89?W!9?C!26?W!22?@?EG!20?G`?C!9?GC!35?O_$#208!98?@!75?A!10?KC?FFA@@!28?CMCW?_$#209!218?B@DG!13?G$#210!90?o!36?G!56?g???G?C!28?AA$#211!90?G!9?O!26?S!24?A!30?O?O!51?_$#212!183?C?A!4?@!30?A?G$#214!186?@!47?A?O$#215!88?G!99?O???A!26?C$#216!177?@!8?OG$#217!150?@!23?[O$#218!98?AG!51?@C!20?o?G!59?C$#219!97?C?_!72?C$#220!91?A!62?G!17?B$#221!47?O$#222!46?@!129?_?A!58?G$#223!177?G???_$#226!47?_!43?@_!5?O!83?G!52?@$#227!46?A!91?~$#228!153?@!30?@$#230!96?A!57?C!16?_!66?O$#231!46?C!45?O!143?A$#232!179?@???A$#234!97?G$#235!129?o$#236!177?O$#237!46?G!190?C$#238!95?@!58?A!84?_$#239!92?C!62?O!15?G!10?C$#240!96?C?_!72?C$#242!46?O!124?A!66?G$#245!187?_???C?A?@!22?C$#246!189?GG???@!19?@??A??G$#247!92?G!36?N!25?_!15?O!6?C??O$#248!92?A!62?G!15?@!7?A$#249!45?@!47?@A!82?_?Oc$#250!44?C!49?SG!35?~!24?C_!11?o!11?B!54?@?A$#251!44?I!49?g?O!39?~!18?@AO!11?G!8?GGI?@@!53?@?CO_$#252!178?_$#253!96?_$#254!43?@O_!49?C?O!59?G!11?F!9?_?G!56?@GG$#255!95?O?_-#1!212?@@@BA$#2!210?@@?AACDE$#3!209?@?AACC?GGG$#4!207?@@?A?CGGGOPUO$#5!212?OO!6?g$#6!205?@@AAACKG?OO__`kO$#8!203?@@AA?CKGO!4_???A?o$#9!201?@@AA?CCG?O_!8?CG$#11!200?@AA?CC?G?O_!11?_$#16!221?AC$#17!202?GG?Oo_$#18!197?@@BACCCGGGOo_!9?@$#19!184?__!9?__CCGGOOOo_!14?@?GW_$#20!195?@BAACCG!18?ACO$#21!56?_$#22!185?OgCQPQRVNnM[wWOo___!19?_$#23!186?OwKMLKgoOO??__$#24!55?W$#25!187?A`___$#26!54?A$#27!186?C!34?@$#28!54?@cO$#30!54?C$#31!185?G!36?A$#33!55?AG_$#35!224?O$#36!54?G$#37!53?@$#39!223?C$#40!57?O$#41!55?@C$#44!54?O???_$#45!53?A???GO$#47!184?O$#48!56?BAG?@BC$#49!57?@CO?CJG$#50!58?BNy_?V~$#52!57?C?_$#56!60?CWo_?~$#57!66?o$#58!54?_!11?G$#59!53?C!129?_$#64!52?@G$#65!51?BO$#66!51?C_$#67!72?o$#69!73?@^$#70!76?_$#71!75?v$#72!50?@W$#77!77?t$#78!77?Gf$#79!76?^A$#81!49?@E_$#84!49?C_$#85!80?O$#86!78?OrH$#88!49?A$#89!80?_}{G$#91!78?G$#92!79?KE$#94!50?O$#95!50?G$#98!66?B_$#99!66?C!158?_$#100!67?O$#103!67?K$#104!67?B{$#106!69?w$#107!68?B$#108!69?C_$#109!52?GO!16?^$#110!69?B$#111!71?_!113?C$#113!71?^I$#114!72?@$#115!72?C$#116!73?m_$#118!186?A@!36?G$#119!52?C_$#120!222?@$#121!73?O$#123!52?A$#127!75?G$#133!101?A!68?OC??G@$#134!48?@G!42?_!46?F$#135!102?CG!35?G!14?C$#136!92?O!35?_$#139!154?B$#140!104?O_!33?o$#141!128?W!24?_$#142!128?F!25?G!16?G@?C!5?gA!57?A$#145!91?@G!7?@!80?@!57?CO$#148!91?C!22?@!66?_$#149!173?_!64?@$#151!170?_!69?G$#154!108?A!9?A@$#156!88?_!18?FC?@??AC?ABdA$#158!109?A!5?@$#159!224?C$#160!87?Q?W!18?@@A@A???@O!111?_$#162!225?C$#164!86?@C!21?CC???_CS_WOao_!18?CC???O!83?O$#165!184?C$#166!229?G$#167!87?@@?O!15?@?G??EG?AI_K??P!27?oO@!77?wO$#171!83?o$#173!83?B!149?B$#174!234?@@$#175!82?A!149?A?AAE$#176!174?O$#177!113?@!5?_$#178!87?_G?_!17?OOG?OSW!5?G?A!26?G!22?G!57?G$#179!84?B?A!146?C??_O$#180!81?@$#181!230?@@$#182!82?@Cw!147?@???@A$#184!238?G$#185!84?CQG!142?@AA??CKGK$#186!91?A!88?O$#187!87?GScG!14?@AW_G?WDG?o???C?JH!19?Y??eJz?_q!21?o!55?CC$#189!153?O!17?A$#190!85?_C!14?@!42?_?C!25?A!62?_O_O$#191!174?A$#192!49?O!123?A!53?@$#194!48?A!42?o!14?C!9?G!4?C??@S!15?@???O!37?C?@!40?W_$#195!183?GG$#196!106?G!34?G??A???G@!77?W$#197!88?AB!13?@@IO??_o_?_!5?GC?S|ej!15?q`NXH_CFEK!79?_!10?_$#198!124?W?W!99?C$#199!184?A$#200!85?@!4?C!49?G$#201!91?G!12?A!7?_!10?A!19?o!7?p!19?_?O!53?C??C$#202!90?B!14?C?_!18?F!54?C$#203!127?H!12?U!30?O$#205!85?G_!137?A???@A?KC?GO$#206!151?IB!22?A!50?@A???owgO???__$#207!104?C!47?C!80?O$#208!85?CO!16?A!22?_!24?CW!19?C@!50?@AA?A!5?_???C$#209!182?O!40?A$#210!92?C!9?A!24?O!12?@!11?_!29?H$#211!102?@!24?e!12?_!12?F!19?K@!7?EB@!54?O_$#212!106?_$#213!237?@$#214!104?G!76?G!56?A$#215!144?C$#217!153?G!71?@$#218!103?C?O!133?G$#219!180?CO$#220!92?A!77?G???_$#221!154?O!14?_$#224!92?@!78?@$#225!48?C_!125?C!63?@CO$#226!102?G$#227!104?_!33?n$#228!103?O!34?O!15?_!25?A$#230!101?C$#231!48?G!121?C!5?@$#232!47?@!52?A!54?B!19?G???O$#233!93?_!61?C$#234!169?O$#235!179?G$#236!93?O!86?@$#237!99?@!55?G!84?AG$#238!48?O!44?G!85?_$#239!47?A!122?A!4?OA!65?_$#240!93?C!85?C$#242!93?A!61?O!12?_$#245!182?_O?A@!38?W_$#246!223?@$#247!129?~$#248!102?O!66?G!5?_?G@$#249!99?C???_!73?O$#250!45?@G!48?o??A!32?~!25?F!9?OC?@!6?_A$#251!45?AO!48?G?@???G!34?~!19?_G!10?A!8?C!63?@AW_$#252!95?C!71?_!74?C$#253!99?GG$#254!46?Cc_!44?@?A!4?Oo!55?O!8?_GG@!71?C$#255!240?@-#5!218?@@@$#8!214?@@@BEEEFB$#9!213?@?AAC!4GC$#11!211?@@AA?CG!4OWM$#15!57?O$#16!220?!4_?G$#17!208?@BECKWwoo__!5?c$#18!210?@AACCKGO?_???OW$#19!198?@@?A?CG?@BEKGWo_!10?Bs$#20!223?@$#21!56?@Ko$#22!200?@@FBB^UkWoo_$#23!197?@??A???C?gO_$#24!56?AAG_$#26!58?CO_$#27!225?A_$#28!57?@?G$#31!203?G!22?O$#32!56?C$#33!61?_$#34!58?A?O$#35!184?@!11?@$#36!59?C$#37!55?@$#38!225?@G$#40!58?@$#41!60?GO$#43!183?@!15?A?C$#44!59?A$#45!57?_?@EGO$#46!62?_$#48!56?G???@?G$#49!61?ACO$#50!55?A!5?@AKO$#51!64?_$#52!61?C?_$#55!226?C$#56!62?@AH@$#57!63?@EQb$#58!65?KSE$#60!65?_$#64!56?_!12?A$#65!72?CC$#66!53?A$#67!73?B?W$#68!77?O$#69!75?F{$#70!76?A$#71!76?@$#72!52?@C!172?A$#73!54?O!22?gw$#75!79?aO$#76!77?BC$#77!78?B[$#78!80?_$#79!77?C$#81!52?AO$#82!54?_!181?_$#85!79?@$#86!80?M$#88!51?A$#89!80?@L$#90!52?Gg!180?__$#92!81?_$#93!81?O$#95!51?@C$#97!66?Gh$#98!68?K$#99!67?O$#100!56?O!11?O$#101!68?A$#102!68?_$#103!55?C!13?o$#104!68?@K_$#106!69?@[_$#108!55?G!14?BWO$#109!71?Eg$#111!71?@?o$#113!72?BGG$#115!74?o$#116!74?F$#119!53?@BO$#120!54?C_$#121!54?G!20?_$#127!227?_$#133!92?d!19?O?_!50?_!7?A$#134!153?@!12?O$#135!106?@!32?N$#136!50?@C!76?@!113?G$#137!52?O$#138!52?_!58?G$#139!92?A!16?C!40?OG!17?@???D$#140!92?W!35?w!10?o$#141!115?_!36?A!88?@$#142!128?E!19?_!18?G$#143!113?O!128?O$#145!110?G!41?C!15?A!4?G!67?AC$#154!122?A$#156!118?@!122?C$#159!226?@W$#160!119?@$#162!228?K$#163!115?G???G$#164!87?@!23?ACCEE]@??ANDFB!24?@!91?O$#166!114?G$#167!110?A??A??@SCCK???G!23?A!79?AG$#168!229?B$#170!240?C$#171!82?Xs$#173!84?___!152?GG$#174!81?AEJ!151?OOo__$#175!84?WO!153?O__$#176!107?A$#177!240?A$#178!115?O???A@?G!24?A!92?O$#179!85?GO!149?CN?E$#180!82?_!155?O$#182!84?F!147?__GG??G$#185!87?O$#186!108?A!40?_!18?C???_$#187!88?@@!19?@@???@@_IG??O?GC!20?@]T@!23?O$#189!51?G$#190!107?@!39?G???C!19?@!57?CGWW??@B?@$#192!85?@?_$#193!114?O!127?_$#194!89?A!22?AG!27?A!85?@$#196!228?O$#197!87?AA!22?@@@!4?Q?O?OoOB!15?@G@f]@!81?@O$#198!117?_$#199!236?G!4?G$#200!87?C??@!34?C!26?@!81?AA??C$#201!88?C!22?C!7?O!21?CRwW_!4?@!20?A!63?C$#202!108?@!13?_!18?O!30?@O$#203!112?G!59?C$#204!234?O$#205!85?ELGGCC!19?C!122?W!4?A$#206!118?__!5?G!20?_?CA!17?_O?ASG!56?_Tc@?D!4?@$#207!124?_!17?_!7?A!17?_YCG!59?AAB$#208!86?A?owy!29?__???o~!14?_!6?G[C@!18?w_!58?A@CC$#210!91?D!74?_O!72?@$#211!127?p!12?F!7?O?GA!16?GC@?A$#212!91?Y$#213!243?_$#215!227?A$#216!141?GCE$#217!169?_!58?_?_$#218!91?_!17?A!17?M!12?w!6?_$#219!173?_$#220!108?C!58?C!74?A$#221!50?A!62?_!67?@@$#222!111?O!41?A$#224!243?O$#225!51?O!114?G$#226!164?_O!8?@$#227!138?~$#229!50?C$#230!105?@???G!58?@!73?@G$#231!93?}!57?O!22?A$#232!93?@!12?A!5?_!37?_!29?@$#233!49?@!135?@!9?@!8?O$#234!152?G$#235!129?W!44?C$#236!51?_!142?@???A!6?_$#237!107?C??O!42?C!13?A!75?C$#238!50?G!123?G!11?@!15?G$#239!244?_$#240!174?o!7?A!4?@!5?@!6?C$#241!188?@??@@!4?A$#242!49?A!58?G!57?C!14?A$#243!183?ACCC??@@??!4C?GG?O__$#245!227?C$#247!129?f!24?@$#248!111?_!42?A!8?_?G!77?A$#249!244?O$#250!47?@?_!45?~!9?CG!24?~!21?O??@!4?_??OA@!9?E!68?K$#251!48?K!55?A??O?_!26?~!15?_?GC!6?O?C!11?G???C!63?@?_$#252!49?O!113?G!12?P$#254!47?A??O!51?@AC???_!46?A!20?_?@A?GG!4?CCC?CC!4?G??O!44?A$#255!103?@!52?A!7?G!18?G!6?C!55?O-#11!61?Oo$#13!60?G$#15!61?_$#16!60?C!160?@@$#17!216?@@BFFMM^N$#18!59?@?G$#19!210?G_?@BBE}{wwoo_o~~$#21!59?AA??o$#22!208?@E@VN]{{w$#23!207?@A@UGo_$#24!60?@EKGo$#26!61?@???_$#30!62?A$#32!58?@!5?G$#33!59?C$#34!63?C$#37!238?_$#38!65?O$#39!62?@???_$#41!60?O???CG$#42!63?A$#43!209?G$#45!237?_$#46!64?ACO_$#48!58?A!6?A!171?G$#49!66?C$#50!59?G!5?@A$#51!227?G$#52!64?@!172?OO$#53!63?@??GO_$#54!67?GO_$#56!66?@$#57!67?A??O$#58!67?@A$#59!71?_$#60!67?CGO_!156?S!9?C$#61!227?A$#62!68?CG$#64!56?@CO$#65!56?AG!178?@??_$#66!58?_$#68!55?@CO$#69!77?@MO!157?@C$#70!79?E$#71!78?@Go_$#72!55?AG!179?_$#73!57?_$#75!80?A$#76!79?@G?_$#77!80?C?O_$#78!80?@??O$#79!81?W$#80!56?_!178?A$#81!55?KO$#82!233?OMCO$#83!234?o!6?_$#84!54?CO$#86!83?GG$#87!84?C$#90!235?@G??@$#91!81?CG?o$#92!81?BC??w$#93!82?AC??o$#94!232?_k@!4?E$#95!54?B$#96!232?CB!6?CC_$#97!68?@?GO$#98!58?C!10?A??_!165?G$#99!69?C!157?_$#100!57?@!13?GO$#101!57?AG!11?A??_$#102!69?@C$#103!59?O!10?@CG!164?A$#104!59?_!11?A?O_$#105!227?@$#106!71?@C$#107!73?G$#109!72?@AGO_$#110!72?ACO_$#111!73?@EGO$#113!74?@CGo$#114!75?ACGO$#116!75?@AE$#118!60?_$#120!240?_$#121!78?_!156?_$#123!236?A$#126!76?@??_!155?O???OO$#129!240?G$#130!235?GC$#131!239?G?O$#133!92?B!5?_O?G!26?G!10?G!5?A!18?@$#134!157?_??G$#135!102?G!36?A$#136!92?C!23?@!5?CC!119?A$#137!53?@!63?@!40?OO$#138!54?G$#139!107?O?_!9?A!27?@$#140!103?GG?O!21?A!10?@??C!20?A$#142!53?A!66?A!6?GD!10?C???C$#143!243?G$#145!91?_G!15?_!15?C!31?_!5?C!9?@!70?D$#148!161?C$#162!243?O$#163!160?_$#164!158?_??_$#167!168?Oo_$#169!85?CGO_$#170!86?C?WG$#171!85?@!152?A$#173!87?CC$#174!232?O!5?@$#176!87?G!12?G$#177!100?O$#179!55?_!35?O$#180!82?@ABA?_!144?A$#181!83?@??A??o$#182!232?@$#184!86?@???o$#185!87?BA!13?_$#186!126?G!14?C!4?@!25?]$#187!165?_?_!4?_$#189!144?A!28?_$#190!89?C!10?__??_!20?C$#191!105?O$#192!89?A$#193!242?@$#194!166?_$#196!168?kKC$#197!159?_??o__??WAAWO$#198!163?O$#199!240?BAG_$#200!118?A!43?G!78?@$#201!105?__!14?A!42?O!6?g$#202!118?@!48?C$#203!107?_!38?A!13?O!81?C?_$#204!231?oG!8?G$#205!90?K?O!138?I$#206!161?G??C!5?A$#207!91?G!18?_!12?@??@!34?O?G?SC@@$#208!88?@@B!11?O_?G!18?@?A!13?@B@!21?GGWA?@?@!57?@wD$#209!229?{!12?O$#210!91?A!7?_!64?A?@!62?A$#211!91?D!9?O!20?@?A??@!35?C?BA$#212!103?O!17?@!18?C??B!86?F$#213!242?A$#214!121?CAA!18?A!30?O$#217!125?BC!17?@!25?@E$#218!104?O!14?@@!6?E!12?A!4?@$#219!125?G!14?G$#220!92?_!22?@!28?C!17?A!10?L$#221!108?O!135?O$#222!97?_!43?G!6?@!24?A!70?G$#223!52?@C!44?O!25?G!34?G$#225!106?G!13?C!42?@$#226!54?O!62?A!20?G$#227!138?B$#228!111?_!43?_?O!86?C$#229!102?C!20?G!14?C???G$#230!99?G???C!5?O$#231!101?C!17?C!8?O!16?C?A!12?C!83?A$#232!93?@!20?@$#233!93?A!10?C??G!14?G!87?_$#236!52?AG!89?G!64?C$#237!93?G!44?O!10?@!4?_???G??A$#238!126?O!29?O!49?@A$#239!54?_!38?O!6?C!9?O!7?C!10?O!44?_!70?_$#240!97?O!7?C!15?G???O!14?O!5?C!15?@!11?O!70?O$#242!93?_??_!11?G!4?`!60?H!34?O$#243!52?C!151?@ACGo$#246!228?~$#247!93?C!18?_???A!10?O?N!9?O!104?@$#248!98?G!16?A!28?G???A!25?E$#249!95?O!45?O!17?C!85?G$#250!50?A@!42?_F???A?!4@??A?C??A?S?G_?O??_!8?N!10?_??O???_??O!5?A?@!85?B$#251!51?Go!42?gG???@!9?DGG??O??o!4?_!12?N!6?_???G?Ca@??GGCC!18?_!70?_$#252!105?@!11?G!13?O!114?C$#254!50?@C!45?CA!7?A?A??A?K?GO??_O_!14?O!7?_?O?g??O?O!5?B!16?^!30?O!39?W$#255!50?C!69?_-#8!66?_$#11!63?BAWW__$#12!62?@$#14!64?G$#16!64?C$#19!212?Ao!4?BF!5~^$#20!226?@$#21!64?@C?O!170?o$#22!212?DG@BN~{w!5?_$#23!211?@?F}{o$#24!65?BEKWo_!167?G$#25!212?G$#26!238?C$#27!226?A$#28!66?@A!169?_A$#30!68?CGO$#31!226?C$#32!63?C$#33!237?O$#34!71?_!166?@$#36!237?G$#38!226?G$#40!62?A??_$#41!237?A$#42!67?@ACGO_!164?C$#43!211?AO$#45!239?_$#46!68?@ACGO_!163?@$#48!64?O$#49!71?A!164?_??G$#50!61?@!11?G$#51!70?@?C$#52!70?AC!167?O$#53!69?@!156?O$#54!72?GO_$#56!63?G!172?O$#57!73?CG!160?_$#58!73?AC!160?O???A$#59!72?@!163?G???_$#60!71?@??O_!163?C$#61!75?O$#62!72?A???_$#64!62?O_$#65!59?@?G$#66!60?C?_$#67!81?O$#68!58?@?GO$#69!80?@A?O$#71!81?@AG$#72!59?EO_$#73!82?C!151?@!6?@$#74!57?A$#76!84?G$#77!84?AC$#78!84?@AG$#79!83?FCGOo$#80!60?_$#81!59?G$#82!58?C!174?@$#83!232?OM!8?w$#84!59?O$#87!92?_$#90!232?C$#91!85?@C?_$#92!86?AG?_$#93!87?F]]wo$#94!232?B$#95!243?w$#96!242?@$#97!77?_$#98!62?KO_!8?@?C$#99!75?GO$#100!74?A??O_!160?@$#101!61?A$#102!76?G$#103!61?C!12?@AC$#104!60?@!16?GO_$#106!75?@A$#107!240?A$#108!76?@$#109!60?A!18?O$#110!77?EG?_$#111!80?O_$#112!77?@?G$#113!79?CG?_$#114!80?C$#115!78?@$#116!79?@AGO$#117!82?@?O?_$#118!235?GC???O$#119!227?@!6?_EA???@$#120!78?E!156?@@$#121!79?A???_!149?_$#122!226?_!13?K$#123!234?W!6?o$#126!81?CG?_!149?E$#127!85?_!147?O$#128!85?O$#129!232?G$#130!57?@A!168?A!4?_!8?M$#131!228?w?oo!10?E$#133!56?@!71?O!10?O!6?G!26?C$#134!58?G!96?@$#135!96?A!17?A!10?O!23?C$#136!91?@?C!26?G!24?G!7?A$#137!94?C!16?@!35?G$#138!115?A!8?O???_$#139!97?@!19?C???G!51?A_$#140!126?O!14?O!8?C?A$#141!118?C!54?H$#142!95?C!16?@???C!5?G!4?O!11?_O?O$#145!59?_!83?O!10?@!89?S$#146!101?OO!5?CC$#148!92?E!9?_$#150!109?G!134?i$#151!100?O_!17?G$#152!152?O!5?A$#154!97?Og?KMKoC???AO_!7?__!31?__w!4?CC$#156!98?Os?@A!5?W!38?_?_?O!8?O??GC!5?O$#157!156?C$#158!103?CwC!5?_?_??__!36?W!7?O!7?GG$#160!97?G??_?@HBZN??aK?g??_!39?C!4?GO!4?CG?G_C?O!70?@$#161!171?O$#163!114?O!40?_?OPA$#164!97?_!9?@???O!36?_!8?___F@gOoGO?AO$#165!157?C$#166!110?O?OO_?O!38?GGAG@$#167!98?CG???A?_OM???G?GGO?O!32?_???_OoG?W_kC_Gsg?LFC_$#169!93?_$#170!91?G$#172!94?_$#173!89?@$#175!92?OO$#176!57?C!32?EE!56?G$#177!90?@!5?o!49?_!4?G??E$#178!92?G!14?O!37?_!6?G!9?@$#179!94?O_G!47?O???OO$#180!86?@?@$#185!95?O??A$#186!113?A!37?C$#187!106?___??C!51?EBBBVO_??G$#189!123?O$#190!99?BB!7?@!41?O!19?@B`$#191!172?O$#194!118?O!25?G??O!5?C??B@$#196!115?G$#197!118?G?_!40?A?@???__$#200!93?G??CC!22?O!22?__!5?G!4?A$#201!110?A?CC??G??O!42?A!11?O$#203!115?C!29?O???G!22?A$#204!229?_GN$#205!94?GG!27?__$#206!121?_!48?A$#207!110?@$#208!122?o!106?W@$#209!229?@E$#210!97?A!23?O???_!20?O!82?E$#211!98?@!10?@?AA?C??G!24?_!9?C!19?C_$#212!228?C$#213!243?F$#214!126?_!13?_!7?C$#217!227?C$#218!141?_!86?B$#219!123?G???_$#220!58?O!54?@!29?G$#221!119?C!31?A$#222!56?A!35?@!23?A$#224!124?G!49?G$#225!147?C!5?@$#226!96?@!23?C!21?G$#227!125?G$#229!138?o!11?A!23?C$#230!55?@?G!37?A!18?@!26?G!4?C$#231!93?A!23?A???C!4?G$#232!140?G!34?_$#233!152?@!59?_$#234!127?G!46?A$#235!129?o!19?A$#236!245?U$#237!56?C?_!35?A!20?@??A???C!51?@!70?`$#238!211?C$#239!144?C$#240!123?C!14?G!9?A??@!23?O$#241!210?@G$#242!55?A?O!61?A!9?G$#243!209?Eo$#246!227?w$#247!128?G!10?G!5?C!99?G$#248!143?C$#249!116?@$#250!53?@?G!65?@???AABB??o!7?BAA???@@!29?E_!69?[$#251!54?E?o!65?@?C?@!9?o?@!5?@!31?@!70?b$#252!140?@$#253!120?@!54?G?O$#254!53?A?O!67?@@@???B?G!6?A??@A@???@!60?@@C$#255!136?G!39?G!32?G-#3!237?o$#4!237?G$#5!236?_C$#8!67?@A$#9!237?A$#10!236?O?C$#11!68?@E?O_!165?A$#12!71?_!166?G$#13!70?O!165?G@O$#14!69?G!168?_$#15!67?AC$#16!70?G$#19!221?Fn^F$#21!69?@CGO!165?@$#22!213?@???@N^~wO$#23!213?e~~~}o_$#24!70?ACGo$#25!213?W$#26!70?@BEK_$#27!223?_$#28!74?Wo!159?_$#29!225?@$#30!76?_$#31!224?G$#32!236?C$#34!72?@ACG?_$#35!76?O$#36!66?@$#38!235?O$#40!75?C??_$#41!76?GO$#42!73?@A!150?A!10?A$#45!76?C!159?@$#46!74?@A!163?F$#47!224?O!9?_G$#48!70?_!4?@$#49!69?O!10?_$#50!235?@$#51!233?_GA???_$#52!78?O_$#53!77?G!161?G$#54!76?ACGO!159?O$#55!234?OC$#56!67?CG$#57!66?A!10?@A?GO$#59!79?C??_!142?C!7?O!6?N$#60!76?@ACGO_$#62!234?C$#64!66?GO!13?AC$#65!63?@A$#66!64?CGO_$#68!63?EG$#70!91?G$#72!62?B???_$#73!65?O$#74!62?CG!28?GG$#75!92?C$#77!91?COO$#79!90?MO__$#81!61?@??O_$#83!242?B$#85!92?ACG$#86!93?AS__$#87!92?@@AKO$#89!95?O$#91!91?A??_$#92!91?@$#97!65?@??O_!8?@ACGO$#98!65?ACG!15?_$#99!234?A!5?O$#100!64?@!14?@ACG$#101!83?O$#103!68?_!15?_$#104!80?@??G$#106!84?O$#107!85?_$#108!82?A$#109!65?C!15?@???O$#110!83?CG$#111!82?@$#112!83?ACG_$#113!85?CW$#114!85?A$#115!83?@A??_$#116!86?C??_$#117!86?@??WO_$#118!232?_G@!5?_$#119!231?_?A!7?F$#121!84?@??O!142?O!10?O$#122!232?OC$#123!230?_WE@!7?G$#124!232?G$#126!85?@AKw!140?_?C@$#127!87?AC?_!140?A$#128!87?@BE!134?_$#129!89?@@$#130!228?_WM@!9?_C$#131!226?o}^F@!11?G$#133!60?@??O_!111?O$#134!61?A$#135!128?E!10?C$#138!177?_$#139!139?W!35?C$#140!128?x!10?b$#141!174?@$#143!105?_!12?A$#144!101?A$#145!243?o$#146!98?@???A?wOi_??A??C??AEDq_oo$#147!62?G!37?A!142?G$#148!97?@?@!15?@???G!5?_!23?O$#150!103?A??C???K!7?_C?G$#151!102?@!10?G!12?O$#154!103?@?E?IOL`O!4?KXW@O!23?C?BB?@__$#156!100?@???A!4?AO?COBO!8?_!17?M??C_??_@???_?O??C$#157!107?C$#158!105?GOO_O?NR`k_`???D!21?OGA???@GW?_!5?C?A??O$#160!101?@?CD???E_?_gAOKO_??IE?wSO_!16?SXgGCcACZH??GKC??_??_$#163!145?@!7?_?O??GQ?HE?G??gO$#164!142?`__A?_A?A??AO?a!4?_@??EoO$#166!115?A!36?OW?_!4?[CG?o_!4?_$#167!105?@??H!12?@KA!19?B?OSWWC?CEDNF@rRh@QoFFPKEgwP@_$#168!158?_!14?{$#169!94?@??O$#170!98?K??C$#171!96?GG$#172!97?CA$#173!95?BC??OO?C$#175!243?C$#177!96?BA?GKGG!23?G$#178!123?C$#179!102?oo!37?O$#180!97?_$#181!98?OE$#182!98?___$#185!101?o$#187!106?@!15?A?IK!15?M!15?G!14?H???_$#188!107?@!19?_$#190!103?G!70?Y_$#191!175?G!49?G@$#194!123?@$#195!163?G$#196!165?GB@ACG_A$#197!122?@!45?DBE]S$#198!174?C$#199!243?A$#201!141?@!31?A_A$#203!127?O!45?@$#206!125?BC$#207!124?@!16?_$#208!126?B!13?G$#209!243?@$#211!140?q!35?G$#212!127?M!12?C!85?G@$#213!242?o$#214!127?@!116?@$#215!226?A$#216!175?O$#218!140?@!84?_C$#219!61?C!182?A$#222!244?C$#225!60?A!68?_!45?@!68?G$#229!129?O!8?B!38?O$#230!63?_!74?C!37?C!67?O$#231!59?@!69?G!8?G$#232!62?O!66?C!8?O$#233!129?@$#234!129?A!114?_$#237!61?G!116?_$#238!212?@$#239!176?A!68?@$#240!60?C!116?G!34?A!32?A$#241!212?w$#242!212?C$#243!210?@$#246!225?O$#247!138?_$#248!245?C$#249!59?A$#250!57?@??O_!69?^!4?{!42?O!66?_$#251!58?AG!76?B!41?EG_!65?O@$#253!58?C$#254!57?A!73?_!45?BG!31?}!35?GE-#0!235?_$#1!235?OK$#2!235?GQ$#3!234?_C@@$#4!234?O?_A$#5!234?GA$#7!237?C$#8!233?_$#10!234?C@$#11!233?O$#13!72?@!164?G$#14!75?G$#15!76?O$#18!73?@$#19!213?G!7?C@$#21!74?ACGO$#22!213?S!5?_ZA$#23!212?_b!5~^C@$#24!74?@???_$#26!73?ACBEG!154?_$#27!221?GA$#28!76?@EWo!153?G$#30!77?@EGo!153?A$#31!212?O$#32!77?_?ACW!156?@$#33!82?o_$#34!78?@CG_!155?O$#35!220?_$#37!82?GO_$#38!232?O$#39!233?C@??_A$#40!79?@AC$#42!223?@$#43!212?G!9?C!8?_$#45!85?_$#47!231?OGA!4?C$#48!71?@!9?ACG$#49!72?ACG!6?@!150?A$#50!75?O!6?A?GO_$#51!83?C!145?_O$#52!80?@???O!147?C$#53!230?_??@$#54!221?O!16?G$#55!231?G$#56!76?_!5?@!155?_$#57!232?@$#58!75?_!8?ACG$#59!83?@!145?OGA!7?E$#60!238?O$#61!85?GO_$#62!83?AC!146?C!7?@$#65!68?@A$#68!67?@AC$#69!93?GO_$#71!95?O$#72!67?AC$#73!70?G$#74!68?G$#75!99?_$#77!98?O$#78!95?ACG??_$#79!93?AEKGO_!123?G$#80!69?O_$#81!66?@??GO_!169?G$#84!65?@AC!173?_C$#85!242?A$#86!99?OW$#87!99?E$#88!241?O$#89!98?C?Ao_$#91!95?@A?G$#92!96?@CAG$#94!97?B$#97!70?@!17?_$#98!84?@$#99!72?CGO!12?O$#100!89?_$#102!71?A!13?ACGO$#103!69?@!15?@A$#104!87?CGO_$#107!70?A$#110!86?@?CGO_$#111!91?O$#112!89?CG?_$#113!91?G$#115!89?A??O_$#116!91?C?O_$#117!93?CG?o_$#118!228?_GC@!7?G@$#119!71?C!15?A!141?A@$#120!73?_!13?@A?C$#121!70?C!17?@?A?G$#122!72?GO_!153?OCA!8?OA$#123!71?GO!153?_OC@!10?w$#124!227?_G!10?_C$#126!72?_!16?@@AC!130?A$#127!91?@A$#128!92?@@$#129!94?@$#130!71?O!151?oooWMB!12?F$#131!222?_?KNF@!14?@$#133!129?G!48?A$#135!179?C$#137!242?G$#138!180?G$#140!129?C!10?G!41?_$#141!128?@!48?@$#142!129?O!10?S!40?O$#143!105?@E?O!4?G!7?`!6?A$#144!69?_$#146!104?@E@CEI?o_PC??EACBCC?KW@$#148!117?@$#150!107?B@@?C???AE?C@C???pC$#151!118?@??G???@$#152!106?GOGC??G!7?_??A$#153!107?G??_$#154!108?_oS?A_xkHG?yGQ_l?_K_!22?@?@@!5?O!6?`$#155!105?G$#156!104?E!13?O!7?_!18?@???I!10?OO$#157!111?G!10?O$#158!110?H?SE?@??G???JOAA?[!23?@!6?o?G?KKK$#160!110?AB@?A!11?QB!17?A@??DCE!4?@!5?OO???A!5?A!4?__?_$#163!116?O_!38?AGG_?@!6?AB$#164!117?O!24?@@?C?WO_GOiCAA!11?@?G??A$#166!115?O_?_?O!37?CCFe__AVOGo___?G?G$#167!128?C!14?AB?C@B?aGCaDd{s@J_GB@p_MsLSZ^|@[owoO$#168!165?G!7?O$#169!100?C$#171!99?@?MW_$#172!104?_?O_$#173!101?@DU?__$#175!68?O!31?@???OO$#177!102?AG$#178!145?O?_$#179!103?@G$#180!98?@$#186!140?A_$#187!128?o!17?yE?O?_?G_O?@!17?C!4?_$#188!221?_$#189!139?@!39?G$#190!130?_!46?K?O$#191!180?O$#192!178?G$#194!150?O$#196!148?G!4?O???A!12?C$#197!143?K{g??c???O?WG??A!14?_a$#198!128?G!14?_$#201!142?K!33?D$#202!143?O!34?C$#203!129?A!47?A$#205!142?A$#206!174?@AA$#208!129?_!10?@VO!32?@$#209!223?G$#212!141?G_$#213!67?G$#215!163?A!9?C!50?@$#216!243?@$#218!224?A$#220!129?@!10?_!102?A$#221!66?C!72?A!102?O$#222!178?@$#223!130?O$#224!65?A$#225!139?C$#226!64?@$#227!243?C$#229!183?_!58?_$#230!130?G!48?A$#231!139?G$#232!180?C?O$#233!181?G!61?G$#236!212?C$#237!67?O!71?O$#238!66?G!71?@!73?A!31?@$#239!131?_$#240!65?C!64?A!80?_@$#242!64?A!73?A!45?_!58?O$#243!63?@!146?M$#246!222?OC$#247!68?_!61?C$#248!130?@!8?_!39?@!64?A$#249!181?A$#250!65?O_!65?K!4?G!44?CG?O?__!4?__??O!47?G$#251!62?@CG!66?O?_??@O!42?@!8?_??_???O?O!45?_C@$#254!61?@AA!68?R???Ac!43?@??G?O???__!7?_!9?_P!34?OA$#255!195?O-#0!232?_WE$#1!231?_OC?@$#2!232?GAH$#3!232?C_?A$#4!230?_O?@$#6!230?OGA$#8!230?GC@$#10!229?_!4?O$#11!229?O?A$#12!235?C$#13!236?@$#15!231?@$#16!228?_$#21!230?C$#22!210?_GB???GCA$#23!211?s{~~~FB@$#24!79?@$#25!210?O!5?O??@$#26!80?A!148?G$#28!80?@ECG!144?O$#29!217?G$#30!81?@??O_$#31!227?_$#32!82?H?GO_$#33!83?BCGO$#34!82?AC!151?G$#35!218?C!11?A???_$#36!78?@!4?OBCG_$#37!85?BEO_$#38!236?A$#39!229?C$#40!79?A!7?KW_$#41!84?_!4?O_!136?O!7?O$#42!228?G?@$#43!209?_GA$#44!80?C!6?ACGO$#45!86?@!4?_!134?OG$#46!228?CA$#47!226?_$#49!81?G!9?O_!135?A$#50!87?@ACG!134?O!9?_$#51!226?GC$#52!225?_???@!7?@$#53!219?A!16?C$#56!82?O!154?A$#57!77?@!10?@A??O_!144?@$#58!76?@?AC!10?CG$#59!223?_OGCA!8?_$#60!236?G$#62!216?_!7?_???@!7?OC$#65!74?@???G$#66!76?CG$#67!75?A!23?__$#68!74?A???O_$#69!96?@A?KO__$#70!100?K$#71!101?O$#72!73?B?CGO_$#73!102?O$#74!75?O!164?A$#75!73?C$#76!99?AAKG$#77!100?@A??_$#78!103?GO_$#79!99?@???o$#80!71?@A?G!164?G$#81!74?CGO_$#83!102?C$#84!76?_$#85!71?A$#87!107?_$#89!104?A$#91!101?@??GO$#92!102?@CCG_$#93!103?B?CO$#94!102?A???G!131?_$#97!77?AC?GO?_!7?CGO$#98!82?_!11?_$#99!89?@A$#100!79?G!10?@ACG$#101!94?O$#103!80?O_!13?_$#104!75?@!15?@ACG$#106!76?A$#107!96?_$#108!77?C$#109!95?G$#110!92?@AC??_!122?@$#111!80?_!14?C??_$#112!93?@A??O$#113!79?O!16?CG$#114!97?C$#115!94?@A??O$#116!95?@A?KO!118?G$#117!97?@B$#118!237?GA$#119!95?O!121?O!21?@$#120!96?W$#122!222?_OGCA@$#123!222?GCA@!11?_GA$#124!221?_OGCA@!10?OC$#127!221?A$#130!72?@!145?_o{[FB@!13?OC@$#131!219?G$#133!143?O$#135!141?@!43?A?C$#136!240?C$#139!198?O$#140!130?@CO!50?@!4?C!5?C$#142!131?G!10?C!50?C???AA$#143!117?AA??@$#145!70?@?C!59?_!11?_!41?C!52?O?@$#146!113?@@_??CB??B??O?G!35?O???_$#148!124?c!42?O$#150!197?_$#151!119?C???C!18?G$#152!111?@!5?@!47?_$#153!111?G$#154!110?@AZ_aP^{X?BI?Q???B!30?A?GKp_??o?G!10?@$#155!109?AA$#156!111?O?E[M??_GSCGgG`e!27?`??C!21?A?_O$#158!116?_!4?_?@OC@!33?SqMGo???o_!8?F?@$#160!119?ogOs?AGWc{!21?C?AO!4?@!4?@!13?A?CAC??o?O!4?G$#161!177?@$#162!113?G$#163!112?C!50?C??I!10?C??C$#164!111?C?O!14?@!19?GCOSH_ACS??O!7?G!7?G!6?_$#166!157?@_@A??AGG??@@!5?O$#167!109?@!14?@A?OA_!18?B?gjOBWzjI[m_@??DTDEE]vfPx^F~ww?gW?gGg___$#168!182?GO$#169!108?o$#170!192?C$#171!104?@!4?_$#173!105?@@??OO$#175!108?KGG__$#176!73?G!67?A$#178!108?@?_!35?G??@@$#179!108?A?C$#180!105?A?O$#182!106?AH!113?@$#183!107?C$#185!107?A$#186!130?A!53?A!10?C??CC$#187!130?_!16?@CaA?CG???_!14?_??_!5?A$#188!129?O!55?O$#189!189?C$#190!129?G!52?C$#191!190?G!7?G$#194!146?PW?O!4?C!24?O$#195!167?@$#196!148?OG??_C!10?AA!6?MC!16?_?_$#197!144?@DEE_!8?O!12?GO?A_!4?gO!6?O?_?_?_$#198!145?A?_$#201!131?_!11?@?W!42?O!7?A$#202!144?A$#204!106?C$#205!109?C$#206!130?OO!49?@AC??G!9?O$#207!129?A!13?G??_!46?O?__$#208!129?C!12?A?K!39?C!11?G$#209!74?O$#211!130?G!14?_!39?C!5?C???G$#212!129?@!13?A!39?A!6?C$#214!143?C!53?C$#215!160?@!10?G$#216!182?@!5?GO?O!27?C$#217!187?G?GO?W?oOCG$#218!130?C!11?@?O!48?GG??O$#219!75?_!123?G$#220!143?_!40?@$#221!186?A!11?_$#222!131?A?_!105?_G$#223!132?G!62?A!45?A$#226!141?C$#230!140?@?O!44?A!11?O$#231!131?@!62?A!4?A$#232!185?@$#234!240?O$#235!69?@ACG!168?C$#236!73?O!119?A???@!13?@$#237!242?@$#238!74?_!65?AG!47?A!8?@$#239!192?A???@$#240!190?AA!8?K!9?C$#242!142?_!43?@!12?_!9?O!30?_$#243!207?_GB$#246!217?_O?A$#247!132?CO!54?A$#248!132?A?_!106?G$#249!242?A$#250!67?@ACGO_!60?@CO??@!103?OC$#251!133?GG_??AKO!60?QC!41?@$#252!141?_$#254!133?A??_???_!54?@!4?__G!4?OS?@!30?_gI$#255!134?A!74?C!34?A-#0!228?_WKB@$#1!228?O?A$#2!227?_GC?C$#3!230?@$#4!226?_OCa??A$#6!225?_OGA@$#7!227?C??O$#9!224?_?CA@$#10!225?OG$#11!225?G$#13!231?G?@$#16!222?_!4?@$#17!223?OGC$#18!223?_O?A$#19!208?C$#22!208?_A???A@$#23!206?_WGTJNF@$#25!206?O_OGS$#29!209?_$#30!232?C$#31!205?_??A!12?_$#32!87?@A$#33!86?@$#34!222?O???@$#35!223?GCA$#36!88?@E$#37!87?A?@CGO$#38!230?_$#39!233?A$#40!90?B?GO$#41!91?ECg_$#42!90?G!140?O$#44!88?C??P$#45!92?ACO!119?A$#46!221?O!10?G$#47!220?_?GCA@$#48!85?@!7?ACO_!136?C$#49!93?@AK?_$#50!92?_??AWO!133?_$#51!219?OGCA@$#52!92?@?G_$#53!213?C?@!4?OG$#54!234?@$#55!212?G!5?__??CA@$#56!86?A!7?@?CGo!133?O$#57!99?_$#58!97?CGO_$#59!219?GCA@!9?_?C@$#60!89?G!121?O!22?A$#62!217?_O!14?G$#65!81?@?A!15?@B$#66!82?A$#67!103?G$#68!83?C$#69!80?@!21?@EC??_$#71!103?@???O$#72!81?EC??O_$#73!79?@!4?G??_$#76!108?_$#77!108?O_$#78!106?E??Oo_$#79!104?@B$#80!80?C!153?_$#81!78?@A!4?_$#82!85?_$#83!80?A??GO!22?G$#84!77?@!4?O!152?O$#85!81?G$#86!106?@@$#87!113?_$#91!107?CKG?O$#92!107?AACGG_$#93!110?C?O$#95!82?GO$#97!87?C!8?A$#98!84?@!10?@$#99!90?O$#100!85?A!13?GO_$#102!91?_$#103!88?G?_!5?@?C$#104!89?O!7?A$#106!98?AC$#107!97?@$#108!99?AKO_$#109!98?@$#110!82?@$#111!101?K$#113!101?A[_$#114!104?_$#115!103?O$#116!101?@A??__$#117!104?AC$#118!83?@A?C!129?_OG$#119!85?C??O_$#120!86?GO$#121!84?CG??_$#122!87?G!122?_!8?CA@!11?O?A$#123!214?_OGCA?@!13?OCA$#124!215?_OGCA!13?_G?@$#126!86?O!17?WO$#127!105?GO$#128!106?G$#130!212?_oWKEB@@!15?G?@$#131!236?C$#133!79?C!57?_!7?AC!44?_???CA$#134!78?A!4?_!63?G$#135!133?@??O$#137!80?G!155?G?@$#138!144?@$#139!194?G$#140!135?G!12?O$#141!150?_!41?O!4?@$#142!134?A$#143!114?@!5?_o$#144!116?Iwgw!117?A$#146!115?A?CUD[KwOo_??@$#148!119?AA!4?AO$#150!122?@C???@!65?G$#151!123?G?@$#152!165?@$#153!113?@?C$#154!115?@DA@?@??_?G!35?@?A@???A$#155!128?_$#156!117?@???A?@BObsC_O!28?C??CCE??E$#158!122?E?G?G!35?@@?EB!26?A$#160!121?@?ACCCIOD?OW!33?GG!13?[WX?@!4?K?CO$#161!194?C$#163!158?@!8?@$#164!128?AO??C!17?@!5?A!7?G??o?_!8?A!6?C$#166!166?C??B$#167!129?AF@!17?O?@!5?BKbbEI?_Wo?|[N?UAC?@???`b`AN?@PBOBF@@$#168!161?G!27?G??A$#170!115?oo$#171!108?@??CGOo$#172!110?@$#173!111?ACEGG$#174!109?@$#175!111?@AGC$#177!114?A!13?G??_$#178!129?G?G!20?@@!26?G?C!4?C$#179!112?@!17?_$#180!109?AA$#184!190?O$#185!134?_$#186!134?C$#187!130?GC?W!15?@??C???|[qW[OOwO_!4?o\G?HKO@PlU?AcO?Ua_F??G?A$#188!171?_?o!4?c!5?_G_?S?_??C$#189!191?G$#190!132?__O$#191!178?G$#194!153?A?@$#196!149?EAE???E!5?_!12?A!10?A$#197!131?AA!15?@?CWY{Nw?_!4?_!8?A@HoRim?Q!6?GGG!7?@$#198!148?A?G$#201!154?o!17?_??_CO!11?_!4?@$#202!152?_$#203!132?@!16?GO_$#205!135?_!13?_$#206!133?A!61?@$#207!133?C!11?@?@$#208!146?@A$#210!134?G!11?A?C$#211!135?O_!11?G$#214!81?O!155?C$#215!173?C!11?o!28?CA$#216!195?A$#217!191?O$#218!147?C!64?O$#219!135?C!99?_$#220!76?@$#222!192?_$#223!77?A!4?_!53?G$#225!138?_$#226!137?O!98?O?A$#229!78?C$#230!134?@!10?CG!49?C$#231!79?G!67?O!47?G$#232!144?A!52?A$#233!148?_!45?O!12?C$#234!237?G$#235!239?@$#236!80?O!117?@$#237!135?A!7?@$#238!193?_!12?G?@$#239!75?@!5?_!156?C$#240!76?A!59?C!68?O!30?_$#242!204?_$#243!202?_OGCB$#246!211?_?G??@$#248!77?C!59?GO_$#250!73?@A!4?_!56?@A???_ACGO!49?_??CA!38?OG?@$#251!75?CG?O!59?CGO@!4?_!49?OG??@!39?E$#253!238?_$#254!77?O!65?GO_!59?A?A!29?O?A$#255!237?_?O-#1!225?CA@$#2!223?O$#3!222?_?GADA$#4!222?OGC@??@$#5!220?_OGCAG$#6!221?_?_O$#8!224?@$#9!219?_OGCA$#11!221?CA@$#16!214?_?O???A@$#17!215?_?GWCCA$#18!217?__WG?@$#19!200?O?GC$#20!199?_!16?_OC$#21!215?O$#22!207?@$#23!204?CA@$#25!198?_??G??A@A$#27!201?O!17?A$#29!203?G!9?_??G???@$#30!226?GC$#31!202?CA@$#33!224?_$#34!225?O??A@$#35!214?O??C$#37!200?_$#38!205?C??@!9?A$#39!212?_$#41!95?@$#43!199?O??O!12?G???@$#45!96?BAC$#47!207?A!5?O??CA@$#48!97?@AKG$#49!97?C???O$#50!98?@ACGO_!124?G$#51!210?_?G?C!15?@$#52!94?@!132?GC$#53!204?G!6?_??GC!10?O$#54!225?_???A$#55!211?OOG??A@$#56!95?A???@A??O_$#57!100?OCg$#58!93?@!4?G?@ACG?_$#59!208?_??G??A$#60!227?O$#62!209?_O??C?A@!9?_??CA@$#64!95?CGGO!6?CG$#65!95?G??__$#66!96?O_$#67!106?@???O$#68!90?A!42?_$#69!108?ACG?O_$#70!111?GGWo$#71!108?@AC$#72!88?@A?C?G?O_!136?@$#73!92?G!17?A$#74!85?@!28?G$#75!113?CCwO$#76!109?@@$#77!112?C???_$#78!112?A!4?o$#79!111?F$#81!86?@A?CGWO?O$#82!88?E?C??O$#83!87?@$#84!86?A!142?_OG?A$#85!89?G??_!21?AF!15?_O$#86!113?A??K?O?_$#87!113?@@?AK???!4_$#89!118?_oO$#91!112?@!25?_$#93!139?_$#94!136?O_$#95!93?___$#97!101?@??O$#98!96?C!5?AC?O$#100!104?G?_$#101!94?A!7?@A$#102!134?_$#103!92?@!6?O!4?CGO$#104!93?A!7?_!5?_$#106!103?@A??O_$#108!106?CG$#109!97?O!7?A??O_$#111!100?_???@??CGO_$#113!106?A$#114!107?ACG?_$#115!105?@$#116!107?@???O_!22?_!73?@$#118!209?OG?C$#119!91?@A?C!115?C$#120!90?@??C$#121!89?@!4?G!115?A$#122!207?_???C?A@@!11?_OGC$#123!91?A!113?_?OGC?A@!15?_OGC$#124!201?_!4?c?OG??A@!17?A@$#126!92?C!40?O$#127!203?O$#129!209?A$#130!204?_OOGC??@!20?A$#133!138?@???G??_$#134!90?O!70?O!5?!4_!61?C$#135!87?C$#136!158?G???O???_$#137!143?O!13?G!22?O$#138!84?@!6?_!68?O$#139!182?GG?C$#140!151?@???C!15?___!5?O!8?A@$#141!153?A!33?A$#142!139?A!34?_???O$#143!125?A??G!30?G$#145!140?C!22?O?_$#146!123?@@@ADC$#147!127?G_O_O_$#148!124?A?C?A!35?O$#149!184?C?C$#150!181?G$#151!175?_?O$#153!122?@$#154!126?@$#156!127?A!36?AC?G!11?@$#160!165?AA?G!10?CC?@$#161!178?C$#163!164?C$#164!163?E?GG?@CC$#167!160?BEF???DDAB!7?C?AA@?A@$#169!118?MH!7?_?_WG$#170!116?@A@CA@???GGO?CC!6?A$#171!120?CWOOO__!5?G!7?_$#173!119?A!4?KOO!4?C??AAA$#174!120?G!20?_!92?@$#175!121?CK!9?C!4?OO$#176!117?@??@!7?OG$#177!121?A?A?C??@!4?A??@!4?C??_!23?C$#178!133?G!25?A!4?G??A$#179!133?CCDCK???G!27?G$#181!122?A!8?A$#182!123?K!8?A??G???O$#184!129?AB?@@$#185!129?@?@??@?G?C$#187!157?@@@???@@@!4?BC@?CCFB@?@?A!7?@$#188!178?A??A$#189!156?C!19?O$#190!177?G$#191!152?@!19?G!35?A$#194!134?G!24?C??GG?O$#196!158?A?C$#197!156?@A???@!9?B?BBB!8?A@$#198!135?O!22?C!24?C$#199!134?O!7?_$#200!139?GW$#201!172?EC??G?G?GC$#202!182?C$#203!160?GG!4?O!12?G$#205!137?@G??O$#206!154?A!15?GG?GGG!10?A!23?@$#208!155?@!31?@$#210!138?AC???_O!12?C!9?O?O!6?_$#211!88?G!65?@?A$#212!207?C$#213!142?O!21?_!38?_$#214!153?@CA!14?O!13?G$#215!183?@$#216!185?A$#217!175?O!10?@?@!15?O$#218!168?O??!4O!27?_??G$#219!85?A!120?G$#220!140?A!15?G!6?_!13?_$#221!146?_!5?A!6?O!21?O$#223!89?O!49?@!10?@$#225!86?C!56?G!43?C?A$#226!162?_!15?_???O$#227!185?G!44?_OG$#228!158?O$#230!83?@!6?_!54?O!7?C?G$#231!87?G!54?C!18?_!17?_!11?@!41?C$#232!147?_???A$#233!183?O!50?A$#235!84?A!72?O$#236!180?_!16?_??G$#237!141?A!18?_!25?G!48?@$#238!88?O!101?A!10?C$#239!85?C!58?G!4?@!4?G$#240!140?@!11?C!31?O!17?A$#241!198?O$#242!146?O?_!7?O??_!21?_!21?@$#243!194?_?OG?CA@!29?_O$#245!136?_$#247!188?C$#248!82?@!6?_!102?@$#250!80?@??CG??_!54?@??C?HAO?G?O?_!35?C??@!40?CA$#251!81?A???OG!56?CA!4?C?__!32?__?O?G??A!40?G??@$#252!154?_!78?O$#253!193?_$#254!82?C!60?A??C?G?Q?O_!33?O?G??C??O??C!33?_gOG$#255!20?A!65?o!63?C-#5!204?_!13?CA?@$#6!220?@$#7!205?_$#8!203?_?OOGG!4?_?OGG?@A$#9!202?_!11?O??A@$#10!206?_O!9?CA$#11!207?_o[KC_OGGC??C$#12!204?O?G!15?@$#14!201?_$#16!211?A?@$#17!212?GCBB@$#18!209?_owUIcCA@$#20!212?@$#21!210?A!5?O$#24!208?C$#26!197?@!20?G??A$#30!203?O$#31!211?@???_$#32!200?_!4?G?C$#33!142?O__$#34!220?C$#35!195?A@!12?A!7?O$#36!140?GO$#37!198?@_$#39!202?O!16?G???@$#40!145?_$#41!138?C!57?A!7?G?C!15?A$#42!216?_$#43!194?A!15?@$#44!139?G???O$#45!139?C?G$#46!221?C$#47!193?C!7?O!6?A!9?O$#48!142?_$#49!146?_!52?O!22?C$#51!195?__!4?GG?C?A!14?G?A@$#52!137?A!69?A$#53!198?_!4?G$#54!135?@A!60?_??O!16?_?OG$#55!205?C??@@$#56!105?@$#57!104?@$#58!106?BA$#59!193?_???O??G?C!16?_???C$#60!218?_$#61!136?@???O!53?C$#62!194?_???O!4?C?A?@!12?O???A@$#63!192?C$#64!111?OGOO__$#65!105?CG!5?_GGGO_!103?_$#66!111?_!4?GOo_!14?@$#67!102?A?CG??OO_!4?C!22?O?_!4?O$#68!117?G?W_!14?E!10?O$#69!101?A!5?O?_!5?AC!19?G!8?G$#70!114?@???G??_!17?O!46?_!37?G$#71!146?G$#72!99?A$#73!98?@?A?C?G?O?_!7?A!17?C??O$#74!102?_$#75!118?CCG?ooo_!11?G$#76!115?@?C??O!14?G!8?G$#77!118?A?C[$#78!119?@AA!12?OOO$#79!116?@A$#80!119?A!13?A$#81!99?GG??_$#82!97?@??C?GWO?__!10?@!15?G!6?AC$#83!98?A??C???O!11?@!19?_?@!7?G!5?_$#84!100?O!82?___??OO??G!30?O!4?@$#85!121?@@??[w?_??@!4?C!6?G$#86!120?@???G??_$#87!123?@D?FG!18?CC$#88!97?C$#89!127?O!4?P?A!5?@!7?C$#90!96?@$#91!122?G!19?A??C$#92!122?CG!8?G!57?O$#93!122?AE!63?O$#94!133?O___???A??A!4?G!73?_$#95!94?@@AACC?OO?_!50?__!8?_$#96!105?_!43?GG$#97!108?EC!27?C$#98!144?O$#99!199?G$#100!107?@??G$#101!105?A?C???G$#103!103?@!6?C?O!34?_$#104!108?@I!4?_$#106!138?A$#108!106?C??@?C?_?O!22?G???G!48?G$#109!110?@$#110!110?A$#111!102?@?A???G?O?C!27?C_$#112!111?A$#113!103?A???G???@ACC$#114!112?@A$#115!139?_!8?_$#116!113?@A!82?A$#118!196?O!9?@!15?G$#119!193?OO!4?@$#120!101?@!48?__$#121!99?@@!46?OO_$#122!191?__??O??G??C??A@!14?_O$#123!189?_!6?G?C??A!20?O!4?@$#124!190?g!6?G?CC?AA@!18?GCA@$#126!103?C!48?_!34?_!37?C$#127!138?_!10?O$#128!143?C$#129!101?G!31?K!10?C!6?O??_$#130!150?O!37?_???O??G!4?A?@@!22?A$#131!152?O!4?_!33?O!5?C$#132!189?G$#133!147?@?A$#134!151?C$#135!162?__$#136!96?C?G??_$#137!164?_$#138!93?@!54?A???C!4?OO??_$#140!154?G$#145!95?A!57?G??O$#147!128?Wwo_!14?@!13?_!66?A$#150!137?@$#153!141?C$#155!131?O_!5?@$#162!133?@$#169!124?AB?FFFBI!18?C!31?_$#170!130?G$#172!130?C$#174!132?A_!7?@$#178!155?G$#180!131?C$#182!145?AA$#184!94?A$#185!159?O$#191!195?C!4?@$#194!99?O$#195!139?A$#199!142?@@???A$#204!132?C!11?A!14?_!66?C$#208!144?@$#209!149?C??GO?O$#210!145?@!53?A$#213!150?AG??O???_!22?_$#217!193?G$#218!194?G???A$#219!97?G!103?@!23?G$#220!92?@!55?@!11?O$#221!166?_!13?_$#222!153?C??G!10?_!11?_!6?O$#223!168?_!55?O$#225!95?C!73?_!8?_$#226!100?_!60?O!8?_!6?_$#227!171?_!4?_!8?O$#229!151?A!5?G!14?!4_!53?@$#230!93?A!4?O!63?O!21?O!43?A$#231!149?@!4?C!13?!4@!51?_$#232!96?G!75?@$#233!158?G!4?O!19?O!4?G!38?C$#234!167?@!5?@$#235!166?@$#236!91?@!99?C!34?G$#237!94?C!57?A!11?O@$#238!99?_!55?C???G!15?@!6?O!4?G!5?A!31?O$#239!165?O$#240!97?O!52?@!13?@!11?@!4?O!13?@$#242!92?A!67?G!5?O!10?@??O!9?C$#243!191?@!32?_$#246!196?C$#247!174?@$#248!153?A??C!6?@!22?G$#249!162?!5CS!11?O$#250!95?G_!57?@??@!4A!6?!7C!4?AA??DC???A!38?OG$#251!88?@?AC?GO!60?@?A@???A!7?!5GKKG!4?D??C?A?A??@!33?_$#253!161?C!16?A$#254!89?A??G!63?@!12?G!7?CGCCE??@?A???@!38?KFB@$#255!95?_!82?C!50?A-#0!182?!6_OOO$#1!180?__???OOO_??OGG$#2!179?_!9?_GGO?G$#3!178?_!5?O!4?G_??O?KKCEA$#4!176?__!5?O!7?_??S??I??A$#5!164?!12_!24?D@$#6!188?G???_C?O??GC?A@$#7!181?OO!4?G!8?A!6?@$#9!194?_??O???C?A?@$#10!159?O?___!28?C_??O??H??A?@$#11!158?O!36?_??O?G?C?A?@!4?@$#12!154?GG?O??oO$#13!153?G??W!5?OO!16?O!14?A??@$#14!148?AAC!4?O?G?_!4?O!14?O!6?G!4?C$#15!146?@!5?G!12?O!11?OO!6?G!4?C???A$#16!196?__?OOOGGG?C?AA$#17!205?C?C$#18!201?G?CCAA!4@?@$#20!207?A$#21!198?_???O??G!4?A$#24!151?C!47?_!8?C$#26!152?C$#28!153?C!46?_!12?@$#29!203?O??G!4?A$#32!147?B??A!7?g!7?OO!7?OO!20?@$#33!145?@???C!4?C!4?G!8?O!5?O!9?G!4?C$#34!209?C$#35!201?_??O??G$#36!154?O??_!12?OO$#37!151?G!8?G$#38!169?O??OO$#39!183?G!9?A!18?A?@$#40!148?@??A$#41!146?A!6?O??_!51?G$#42!155?C!40?@!5?_??O!4?C$#43!182?G!5?C$#45!148?C$#46!161?G!41?_??O$#47!181?G!10?A??@$#48!150?G!4?_$#49!152?O$#50!149?@$#51!175?GG!8?C??A!4?@!12?_???G?CC??@$#52!144?@!60?_$#53!156?C!5?G!17?G!6?C??AA!12?_??O?G?C?A?@$#54!152?A!10?G!13?G!11?A!18?O!5?A$#55!178?GG!6?C!7?@$#56!154?_$#57!145?A?C!5?_$#58!149?G?O_$#59!157?C!8?!6G!6?CCC!5?A???@!19?O$#60!174?G!7?CCC!7?@$#62!164?GG!6?GG!7?C!5?A???@!15?_?O?G??CA?@$#64!116?@!97?G$#65!115?@??BBA!25?O!71?A$#66!115?A$#67!113?@@?AA??CAC!17?@?CG?O$#68!111?@@AACC??C@HA!18?C!39?@$#70!118?C?GOXJ]G$#71!140?A?G$#72!114?CG!7?_$#73!110?@!28?BKG?O?_!36?@$#74!123?O?B!40?@@!12?@!32?O?G?C$#75!120?o_??`siwwO$#76!117?CGG!6?O!15?O$#77!119?O!18?A$#78!113?C!5?_!6?CC!9?A?GO$#80!114?G!14?G!35?@!53?A$#82!108?@@AAA??OGG!4?_!16?C$#83!137?@@??O___!19?@$#84!110?G?O?_!53?!7@?!4@!40?@$#85!104?@?A?C!6?_!10?@@BaMG?G[]$#86!127?A??o_O???E$#87!131?CG_A_w$#89!128?CC?O!6?wo_$#90!111?G?W???_$#91!118?O!17?@?C??_$#92!118?_!13?_??@?C$#93!137?G$#94!111?CC???OO$#95!105?@@BAEC?G?O?_$#98!146?C???O_$#99!153?A!23?C$#100!145?C$#101!148?G$#102!149?O!33?A$#103!147?G??@$#104!143?B$#106!144?E?G?O?_$#108!117?@!92?_$#109!141?@!70?O$#110!142?A$#111!143?C?G?O?_$#112!142?@$#113!144?G???_!67?C$#114!121?C!19?A$#116!123?C!87?_$#118!161?!7C!6?CCC!7?AA??@@!18?_!7?A?@$#119!156?A?A!21?AA$#120!151?@@!4?A?!4A$#121!147?_!8?@!6?!6A!6?AA$#122!158?CCC!7?!6C!8?A!4?@!21?_?OGG?C?A$#123!153?@@@!21?AAA???@@@$#124!154?AA!30?@!32?@$#126!144?O?_!10?@!16?A$#127!158?@@@$#130!161?@@@!5?!5A$#135!175?@$#136!103?@$#137!107?C?G$#138!105?A!5?O$#147!129?@@@$#169!131?AES_??o$#171!132?@A$#174!133?@@$#199!113?_$#220!221?@$#222!104?A?C?G!105?O$#223!110?O!105?G$#224!102?@$#225!212?_!5?C$#226!112?_$#230!220?A$#233!103?A???G?O!103?_?O$#234!105?C$#235!217?G$#236!222?@$#238!219?C$#241!214?_$#242!221?A$#247!101?@!9?_$#248!104?C?G?O$#249!102?A!113?O$#250!103?G?O?_!112?G??A$#251!98?@A?C!8?_!106?_?O??C??@$#254!97?@??A?G?O?_!111?O??G??A-#1!179?!5@$#2!176?@@@!5?@@$#3!174?@@!10?@$#4!171?@@@!13?@$#5!168?@@@!7?!5A!5?@$#8!167?@!21?@@$#10!166?@!6?!5A!5?AA$#11!185?A!5?@@$#12!165?@!5?AA!13?A$#13!164?@$#14!163?@!5?AA$#15!168?A$#18!193?@$#21!187?A$#24!188?A!5?@$#26!195?@$#28!189?A$#30!190?A!5?@$#32!162?@!4?A$#33!192?A!4?@$#34!191?A$#36!161?@!4?A!10?!7C$#37!175?CC!7?C$#39!193?A$#40!160?@!4?A!8?C$#41!173?C!12?CC$#42!185?C!8?A???@$#44!164?A!6?C$#45!189?C!10?@$#46!172?C!15?C!6?A???@$#48!159?@??AA!16?GG?G$#49!161?A!14?!4G??G?GGG!6?C$#50!158?@?A$#51!166?C!4?!5G!11?GGG!4?CC??AA???@$#52!170?C$#53!190?C!5?A!4?@$#54!167?CCC!21?CC!4?A!4?@$#56!157?@?A??CC$#57!156?@?A??C!15?O$#58!155?@!4?C$#59!166?GG!7?OO!5?!4O!6?GG???C???A???@$#60!164?CC!4?G!19?G!9?A$#62!168?GG!8?!4O!9?G!4?C!7?@$#67!150?A!8?O$#69!149?A???C?G?O$#70!200?G$#71!151?CC???O?__$#73!147?@$#74!120?A!70?_$#75!197?O$#76!146?@?AC$#78!120?!4@?@@!19?ACCG!43?_$#79!147?A??CGGGO___$#80!124?@$#83!145?@!4?G$#84!116?@@!5?C!68?_???O!6?C$#85!130?O$#86!127?@A@?A?@@A$#87!130?@???AD@?@@@$#88!118?@$#89!125?A??@AAPG$#90!119?@?A??C!7?O$#91!146?C?WOOO$#92!126?AA!4?@!9?@@?A?G?!5_$#93!131?CE???AB???@???CGO_$#94!123?AA$#95!122?A??C$#96!126?C!6?O$#97!154?@??A$#99!165?G!5?!4O!11?OO!10?C$#100!153?@!5?C$#101!156?A!5?G$#102!163?GG!5?O$#103!158?C$#104!161?G!6?O!9?__!27?@$#105!169?O$#106!152?@!4?C??G$#107!155?A!10?OO!6?!4_??___$#108!158?GG!45?A$#109!151?@!4?C$#110!154?A!8?OOO!6?__$#111!153?A???G!40?G$#112!162?O$#113!150?@?A!7?OO!40?C!5?@$#114!151?A!4?G?O!36?O$#115!155?C$#116!149?@!40?_!8?G!6?A$#117!155?O$#118!188?O!5?G!11?@$#119!171?_!11?__!16?C??A$#120!167?!4_!23?O$#121!154?C!9?___!22?_$#122!189?OO!4?G???C??AA$#123!185?!4_$#124!191?OOO??GG??C$#126!148?@!13?__$#127!154?G!5?__$#129!144?B!7?OO_$#130!209?@$#132!205?C$#134!119?A??C??G??O???__$#136!129?O$#137!134?_$#144!135?_$#145!126?G!4?_$#147!121?C??G!10?O$#169!130?C!5?K?!4A$#170!136?OW$#171!130?G??AGG?C?CCC$#174!133?GC?_$#175!134?O$#180!127?CC??G?C!4?C???E???o_$#181!129?C!8?WO?!4GW$#182!139?Gg?_o?_$#183!141?_?EC$#184!140?O$#185!141?OO?O$#199!118?A!10?G$#200!127?O$#204!127?G$#205!139?_!4?_$#209!128?G!8?__$#219!204?C$#220!115?@!78?_???O??G!5?A$#221!130?_$#222!120?C??G$#224!126?O$#225!117?A$#226!129?_!65?_!14?@$#227!202?G$#229!199?O$#230!114?@!4?C??G$#231!125?O!70?_!11?A$#232!128?_$#233!116?A$#234!203?G$#235!200?O!5?C!4?@$#237!121?G!75?_$#238!113?@!4?C!5?O??_$#239!209?A$#240!204?G$#242!115?A!82?_??O!5?C$#248!120?G??O$#250!109?@!4?C?G!86?_??O?G!4?A?@$#251!111?A?C!4?OO?__???_!75?_??O???G?C$#253!212?@$#254!108?@???A??G?G??_!83?_??O??C???A?@$#255!110?A!101?C-#68!173?A$#70!174?AA!8?@@$#72!172?A$#74!176?A$#79!156?!7@$#83!162?AAA??AAA$#84!151?!16C!5?CC???AA!7?@@@$#85!148?A$#86!153?@!20?C$#89!150?A?@$#90!151?A$#91!154?@@$#92!149?A@$#93!149?@?@$#94!152?!4A$#114!174?@@$#116!173?@$#121!176?@@$#126!170?@@@!5?@???@@$#127!166?!4@$#128!163?@@@$#129!156?!6A???A$#130!170?AA!7?@@@$#131!166?A!22?@$#133!167?!4C$#134!137?@@!5?A!26?C$#135!145?A!33?AA$#136!136?@??@???A$#138!142?A???A???C!30?A$#145!140?@!6?A$#169!182?A$#170!141?@$#174!142?@$#175!147?@$#180!149?C$#181!148?@$#209!145?@@$#210!141?A?@@$#211!135?@$#213!148?C$#219!175?C!7?A$#220!140?A!6?C$#222!134?@!41?C!7?A!5?@$#225!139?A!6?C!30?C$#226!162?GG!14?C!6?A$#227!145?C!12?G!5?G!26?@$#228!133?@!25?GGG$#229!138?A!18?G!7?GG$#230!155?GG!10?G!11?C!6?A$#231!137?A!6?C!9?G!13?G$#232!132?@!20?G!15?G!10?C!6?A!4?@$#233!143?C!8?G!18?G$#234!170?G$#235!181?C$#236!136?A!35?G!15?A$#237!131?@!10?C!7?G!22?G!8?C!10?@$#238!174?G$#239!149?G!39?A$#240!135?A!5?C!6?G!26?G!7?C$#242!130?@!63?@$#247!151?G$#248!134?A!5?C!6?G!28?G!7?C$#249!190?A$#250!125?@??A???C!4?G!5?OO!6?!5_!10?!7_!6?OOO!4?GG!4?C???A??@@$#251!124?@??A???C?C??G?G???O??O???__!5?!10_!7?__???O???O!5?GG?C?C???A$#252!135?G$#254!123?@!5?AC???G!4?GOO!5?__!26?__O!5?OOG!4?G???CA??A??@$#255!126?A!19?O--\8
[38C[38;2;159;107;255mS H E L L Y[0m
[38C[38;2;202;173;255m-----------[0m

[38C[38;2;49;216;224mHost:[0m  [38;2;107;144;255m${HOSTNAME}[0m
[38C[38;2;49;216;224mUser:[0m  [38;2;107;144;255m${USER}[0m

[38C[38;2;49;216;224mPath:[0m  [38;2;107;144;255m${pwd}[0m

[38C[38;2;49;216;224mInit:[0m  [38;2;107;144;255m${rc_path}[0m

[38C[38;2;49;216;224mBuild:[0m [38;2;107;144;255m${shelly}[0m
[38C       [38;2;107;144;255m${build_date} - ${build_time}[0m
[38C       [38;2;107;144;255m${version}[0m

[38C[38;2;49;216;224mhttps://github.com/cstrainge/shelly[0m


